SubjectID	__id__	timestamp	x	y	z	Clase
1	0EeQUzPfv2CeP6uE7nGL	2024-11-22T12:05:21.575507	-2.292467356	4.610974312	9.345832825	0
2	1SVLPoo7AsgE8kowVlDF	2024-11-22T12:05:23.560039	-1.766576052	5.993117809	10.19212627	0
3	35zvP9ksOByuYDWFn1jZ	2024-11-22T12:05:24.949680	-1.419962764	3.500064135	8.626116753	0
4	428MafIB7FeKy2KD5D54	2024-11-22T12:05:27.531732	-1.117776155	3.877266169	4.379320145	0
5	46aZhkJ1ZALDx7Tr17pX	2024-11-22T12:05:22.966005	-1.472836256	5.369370461	9.979808807	0
6	6ZlP9hUH1ykAhItnf57Q	2024-11-22T12:05:27.729445	-2.580269575	4.654979706	8.767576218	0
7	7CNpQHrOjX9teP6rAPZv	2024-11-22T12:05:26.943059	-1.331156969	3.867248774	6.449213505	0
8	9hrTzIHcwRbobE6s27A2	2024-11-22T12:05:25.744555	-6.189576626	3.383916855	8.055932999	0
9	AvC6XQ3BLPEYTa8cAGmf	2024-11-22T12:05:24.155769	-3.484856367	2.456412554	11.46651173	0
10	CkC8b892hqYQyHuq1Idk	2024-11-22T12:05:21.179409	-0.993210614	5.599463463	7.507574558	0
11	FGEpcBQRA57CvqPreU2L	2024-11-22T12:05:26.742064	-1.557112217	6.034700394	8.424812317	0
12	HIx6zzMKKNWOhUq2OlOv	2024-11-22T12:05:27.927819	-1.048200727	1.382220626	11.56178188	0
13	IacF25fIsqx9dcSKlWjy	2024-11-22T12:05:26.142419	-2.167767525	5.283983707	7.646265984	0
14	Isu6ce9XjJzY3Vo4AOz2	2024-11-22T12:05:22.568070	-1.908475637	3.472760677	10.67057419	0
15	J0pzV5RuA51qxy3vOZWN	2024-11-22T12:05:21.975110	-0.056704272	3.752432346	10.39903355	0
16	JkL73BteidgHZTNxXsal	2024-11-22T12:05:27.331776	-0.374903262	4.626296997	9.295583725	0
17	K9qxKJphogzje5gLzDxG	2024-11-22T12:05:24.751809	-3.171005011	3.361918926	7.351204395	0
18	LAyekjlA7duFZoZ1XsiY	2024-11-22T12:05:27.133747	-1.773030877	5.076272488	9.340259552	0
19	LDQg5cRnpdCUuImXjC9e	2024-11-22T12:05:21.773815	-1.706165671	4.237679482	10.03245258	0
20	LdrXbVzHVjUFyCobfLi0	2024-11-22T12:05:28.722249	-0.866777658	4.210194111	7.566376686	0
21	MGszrvL4Cly3QoX9fe7X	2024-11-22T12:05:23.362705	-2.55018878	3.149696827	6.486572266	0
22	N7UtZLpKqewbieXxSQoV	2024-11-22T12:05:21.377014	-1.259005427	4.530748844	6.413367271	0
23	NUz2ejN6LsVbtzNIORN2	2024-11-22T12:05:28.921412	-1.23692131	4.827936649	9.355898857	0
24	NwMEr1Y7Yyl8dk7VffO3	2024-11-22T12:05:25.942615	-3.448474169	2.906014919	8.262935638	0
25	OETNlXZd3QJChH4sQbDp	2024-11-22T12:05:25.347826	-2.973703861	2.136422873	7.870871067	0
26	QMFhDaQHw4Qy9Fdan9vl	2024-11-22T12:05:22.176721	-1.603799105	2.976126671	6.833128452	0
27	Qyb5Wa8UudhRPBawNdDv	2024-11-22T12:05:20.977279	-0.877474904	4.642778397	7.845866203	0
28	VVBqWNl2YliZ2pmCiVS8	2024-11-22T12:05:26.340961	-2.007777691	3.682234287	7.346119404	0
29	bmzu3o9Kiap1pF8GQo7X	2024-11-22T12:05:22.369560	-0.520940006	5.443753719	8.351243973	0
30	cateRIRNqWYaG08jQ2aT	2024-11-22T12:05:23.759177	-2.822189093	3.030388832	6.013162136	0
31	crjLm5WERHJR1gr0g9oO	2024-11-22T12:05:28.126554	0.269491345	2.907719612	8.376516342	0
32	elARpvTo988IALxF0KBq	2024-11-22T12:05:25.149124	-3.788479567	2.163678408	12.16416264	0
33	hltcvzCNfdcjFuaM3Zvl	2024-11-22T12:05:24.354231	-2.404448986	4.106870174	5.854656219	0
34	jpMmGzs2qq1E0CiqsuCf	2024-11-22T12:05:25.546170	-3.705142021	3.458635092	8.545327187	0
35	kyRJOnBtlLO5h0KgMwlH	2024-11-22T12:05:23.958470	-2.184086561	4.377357483	8.520734787	0
36	mt8Nj6hQii0hhBEET9mP	2024-11-22T12:05:28.324858	-0.998075604	4.706167698	7.417045593	0
37	nUyE9gdkHVgwzsEKtgVw	2024-11-22T12:05:28.523712	-0.154215321	5.164331436	8.83957386	0
38	tIzM9rlZiYuyNaQtivTz	2024-11-22T12:05:22.767545	-0.344477743	3.558042288	5.369504929	0
39	utA38zRBvYi18vTRY3Cc	2024-11-22T12:05:23.163306	-0.540026546	2.643505096	7.869022846	0
40	yRNjcCNvHM4gGcoB3Au6	2024-11-22T12:05:26.538380	-0.577711284	4.79846859	9.08346653	0
41	ykC29c5DOsLrJklZrXXM	2024-11-22T12:05:24.553957	-2.342372179	4.470137119	9.447999001	0
42	02rGiUZZe4lmqLpsb8hs	2024-11-22T12:03:19.084841	-3.017967701	4.846965313	10.54069328	0
43	48AaZTRFvwj4XXAVW7vK	2024-11-22T12:03:20.077866	-2.945643902	4.648879051	11.36946106	0
44	4H7kaAwZzgmTdjFXoouZ	2024-11-22T12:03:21.467117	-2.123292923	4.896199703	6.425970078	0
45	4truCVfekGo42iwLjVOu	2024-11-22T12:03:21.268982	-2.403654099	3.15982914	7.652740002	0
46	6F61EyTiYZxG3KgZKQJn	2024-11-22T12:03:17.297751	-2.02697897	3.985378742	8.991539001	0
47	6NjocrAMog57p2IQ3wZd	2024-11-22T12:03:22.659042	-0.726812601	4.532271385	10.14745045	0
48	7tXO6VTMRT4bbPl538G8	2024-11-22T12:03:19.482408	-0.139783069	4.237842083	7.688557625	0
49	7xNLKOm9AJ45WyBie1nF	2024-11-22T12:03:16.901215	-1.351153374	4.275067329	7.346617699	0
50	9RMc95Od8VR0GLPRbKH9	2024-11-22T12:03:17.101136	-2.877217531	4.139335632	9.164074898	0
51	9ZVEHaQc40Ce1EJ99d36	2024-11-22T12:03:26.034565	-1.969288349	4.963562965	8.829403877	0
52	9v9Ks9xAYIj6TU8ZpSDO	2024-11-22T12:03:24.643845	-0.546682417	4.686965942	10.48112583	0
53	D5l1xCDmJBHJKxJXZKJE	2024-11-22T12:03:18.687399	0.159884796	3.406853199	9.468953133	0
54	DyNaFP2F2ZQFcXr1gojW	2024-11-22T12:03:25.437815	-0.987914681	5.923992157	7.641132832	0
55	GxNmdC3zvTwc3jPRX0fh	2024-11-22T12:03:22.062394	-5.086529255	6.947800636	10.35997868	0
56	HHU5SeyDGxM5XwVpEssj	2024-11-22T12:03:22.260805	-0.69160825	3.185485363	6.192296505	0
57	HgseQ3TRpvSInVjLNbhi	2024-11-22T12:03:19.283140	-1.379347563	2.224155903	7.639313698	0
58	IxaWT4CKY3xLB3qQFunt	2024-11-22T12:03:18.887276	-1.286040664	3.834084272	7.707673073	0
59	LDWi3Tw4B6ENzO0aBM2G	2024-11-22T12:03:20.871321	-0.138164595	3.877936363	7.076704502	0
60	LOA4NSQMlDnbOrTukFPl	2024-11-22T12:03:23.259529	-0.947088718	4.039238453	6.418318272	0
61	MG4I74KzU6gmRa5VHkd3	2024-11-22T12:03:22.858793	-1.683506846	4.890003681	7.483402729	0
62	NP4J2f2Wdx4JdApt3sjo	2024-11-22T12:03:23.651499	-0.063580424	3.551960945	10.14867592	0
63	P0znbpJ0oNGmHUUzxThi	2024-11-22T12:03:25.041108	-2.693467379	6.835129738	9.084712029	0
64	Qdw3P3YhOGogIp54zOQy	2024-11-22T12:03:24.842730	-0.759890854	4.532070637	5.86735487	0
65	RnkURhAnqDMEt7Dz7WSd	2024-11-22T12:03:23.060382	-1.799702287	5.187775612	8.962110519	0
66	UE9qW3uaFEiGaXy1Na4S	2024-11-22T12:03:16.507067	-1.110507369	4.418307781	8.252851486	0
67	UYMrQhtqp6xnwWGzXt2E	2024-11-22T12:03:20.477804	-1.039964557	4.780952454	9.073057175	0
68	VaaOPWKuy29uOINK7dTr	2024-11-22T12:03:19.679926	-2.038624287	3.863829851	12.15568733	0
69	VmENq3z0cLRz9NwjjNDD	2024-11-22T12:03:24.047500	-2.621622086	7.139624596	8.778924942	0
70	Xba0h4BJnAHXKAcrXeSJ	2024-11-22T12:03:17.696256	1.159243822	2.198557138	6.809052467	0
71	YtYmiwd6bLxHwjjmNtGC	2024-11-22T12:03:18.493917	-1.604268312	4.936403275	9.09579277	0
72	ajas7481wjNzQGI6MwYV	2024-11-22T12:03:21.665517	0.469914764	2.933251381	11.06216049	0
73	bH58k5ZGXPSepogSgsTU	2024-11-22T12:03:19.878401	-1.659076452	5.043165684	3.992858171	0
74	cWJBpPenehdv0cKT27e0	2024-11-22T12:03:24.246720	-0.878595412	4.031136513	5.585739613	0
75	fje4GM7jBCNRivPaHoG6	2024-11-22T12:03:25.834683	-1.280265927	4.972172737	7.130402088	0
76	gF5cHFWKUL6x5TIR34W9	2024-11-22T12:03:23.452079	-2.111341	5.590307713	8.010328293	0
77	gS6AdrfYVXF3ibQMHqDr	2024-11-22T12:03:18.094929	-3.375556231	5.472513199	9.263261795	0
78	kPs5u95NXBR0UiGcBfx3	2024-11-22T12:03:26.232558	-2.351651907	4.744857311	7.223938465	0
79	ktzLC60INYYTQ3qlEw1k	2024-11-22T12:03:17.894544	-1.106973529	4.36649704	7.740242958	0
80	lvqo7E2qovMtsI0KGQEM	2024-11-22T12:03:23.848903	0.075723812	4.774737358	6.578931332	0
81	lw3LVOADo4LBAygaa5Rd	2024-11-22T12:03:22.460654	-0.064949907	4.37353611	7.938071251	0
82	p4nxVfMOoQD4LgfhWaly	2024-11-22T12:03:25.242839	-1.227813721	4.054666519	8.449367523	0
83	sMJPvIfHsgK18EDLCfNN	2024-11-22T12:03:17.496045	-2.02879858	4.584369659	9.707089424	0
84	sWH0dQzPAcbsSg4zoGrP	2024-11-22T12:03:21.864622	-1.397236943	3.884563446	6.254401684	0
85	tNQuq82brQWbLZBQy3Rd	2024-11-22T12:03:18.294363	-1.878624797	2.550121546	7.789908886	0
86	tzVePQTMPtYUg26QNj6x	2024-11-22T12:03:21.069462	-3.747002125	5.505753994	10.30386829	0
87	uOThR61TfYQemgwy7USR	2024-11-22T12:03:25.636230	-0.846503556	4.807595253	10.24621582	0
88	xKZU7g5wniLfnZNxi8b5	2024-11-22T12:03:16.702441	-0.976154387	4.595143318	8.115653992	0
89	xpg3ZLAWGqWQXBvjfdVm	2024-11-22T12:03:20.275791	-1.607198834	2.700879812	7.29053545	0
90	yIvtOCceEkS9b8sMo9tO	2024-11-22T12:03:24.444537	-2.708818913	4.813063622	8.352766991	0
91	zLhfcWmPUqN69d5NylAF	2024-11-22T12:03:20.676920	-0.540486276	1.759067893	10.71855354	0
92	0McRVpALVdJDHLa3F5IX	2024-11-22T12:03:50.253186	-1.940126896	6.81391716	7.68946743	0
93	0UNwZhumTISoUWToKZqz	2024-11-22T12:03:45.289914	-1.585469127	4.594434738	6.670293808	0
94	44XjcVyhgbCSX9RAtCHO	2024-11-22T12:03:43.903188	-1.68858254	4.295638084	10.72010517	0
95	4WTu2EX2iezO5r6qsBuR	2024-11-22T12:03:49.857547	-2.662505627	5.988233566	8.078017235	0
96	7kDndVX72vAjVphf1GE9	2024-11-22T12:03:42.709612	-1.46806705	3.73923564	10.52095509	0
97	9HyIvq4QtYLdi4pGkapl	2024-11-22T12:03:48.868687	-0.788017929	4.065440655	6.331677437	0
98	A9nZ5O6zCGi6l9j5dc3z	2024-11-22T12:03:49.262083	-0.252310544	5.695901871	9.386008263	0
99	APkpHUnPgEAcD2g6pXbL	2024-11-22T12:03:50.456388	-1.80309236	5.481132507	8.989643097	0
100	CoStr3bohICYSHNkMDgw	2024-11-22T12:03:44.297382	-1.326675057	4.592605591	9.011813164	0
101	EBK3yIqlqYtKbcVt2hbw	2024-11-22T12:03:48.468937	-1.012201428	5.046498299	5.647241592	0
102	EOBd6THK55yXxiGSPJpf	2024-11-22T12:03:42.311882	-1.778518319	4.482979774	7.977595329	0
103	IA5uKlaUynXUJTOsp76j	2024-11-22T12:03:44.694604	-1.491262078	2.937809944	7.202793121	0
104	IPLx4m3BbXokKuMRzIBL	2024-11-22T12:03:50.054600	-1.471935987	5.668052197	5.534676075	0
105	IVeVESycxO6bDSJnViw0	2024-11-22T12:03:42.115306	-1.330295086	4.298243046	8.423261642	0
106	JY05F5EyDyEaXIAgmec8	2024-11-22T12:03:48.069912	-2.227268219	6.326448441	7.766493797	0
107	JbkEK2Z0I2DM5tecIvR9	2024-11-22T12:03:47.275423	-0.113877811	4.697002411	7.278985977	0
108	N9TZ7G3kOhiN0IILslEZ	2024-11-22T12:03:45.888912	-2.617954016	4.923455715	7.887783527	0
109	O0MNXQmCg9Ceji4T7Ufm	2024-11-22T12:03:45.688568	0.025416845	3.630538702	7.135123253	0
110	P79i587naIC77Dw47MoB	2024-11-22T12:03:43.704432	-2.292582273	4.607794285	8.680025101	0
111	PWtWATUUMqVAzsUKE03E	2024-11-22T12:03:47.673948	-1.47956872	6.850873947	8.811285019	0
112	RL2r6GZjwkwBfs9Tkmox	2024-11-22T12:03:44.497152	-0.707247198	4.065210819	8.652377129	0
113	SQ70kip5x93ynUKXIi3g	2024-11-22T12:03:46.286533	-1.86159718	3.733365059	6.834517002	0
114	St9BTo9BrnLLJw3VljGV	2024-11-22T12:03:50.655645	-0.222114891	5.907405376	6.880121708	0
115	VLFcMrtAC0jBdOxcIUyB	2024-11-22T12:03:45.091961	-0.533562183	3.262913704	10.42640305	0
116	X6SI5dugxqWf7QBhcNqI	2024-11-22T12:03:42.907817	0.885605633	2.380937815	7.169839382	0
117	XTosHKOdoxXZA6m1dYgn	2024-11-22T12:03:46.878549	-1.033768415	4.558828354	6.451444626	0
118	ZIOKK0KQsCuXBe6XhYut	2024-11-22T12:03:48.669399	-3.02299571	6.016992569	8.822451591	0
119	ZXcrwkf7gZ6LTTEnuosQ	2024-11-22T12:03:46.679943	-3.232957602	3.899675846	9.653478622	0
120	b8kwc64wNTrkWtRQJBjU	2024-11-22T12:03:49.061685	-1.890365839	5.105482101	8.276094437	0
121	c6ycOo2K3c2yhNGMG44E	2024-11-22T12:03:48.269260	-0.154799506	4.288120747	9.694754601	0
122	cMCGfJK2GJYy5mxsFEEW	2024-11-22T12:03:47.076628	-1.814192057	6.654932499	8.021868706	0
123	fMzZxMWJnIeuSKLQRZYb	2024-11-22T12:03:51.048490	-1.459591508	5.08664465	7.951296806	0
124	hSQcxCJYMFM56sUM6AnW	2024-11-22T12:03:41.916704	-0.621008039	4.11626482	8.61807251	0
125	icWFw0pZRtMiNZ0x7se2	2024-11-22T12:03:42.510312	-1.635632396	4.219483376	8.703392982	0
126	kGTmBFc3nVf1FbO02Fjt	2024-11-22T12:03:41.713244	-0.738649547	4.263604164	8.496072769	0
127	kJHRUxcyKLlnaYmP71Sx	2024-11-22T12:03:49.458785	-1.249878645	4.589071751	7.571308613	0
128	nRN8GbmgFIqPNsUazbzS	2024-11-22T12:03:45.491706	-2.701004505	5.269666672	9.202889442	0
129	nRhAIOeewdfJTNhDXWuI	2024-11-22T12:03:51.245974	-1.624532819	4.79885149	7.855260849	0
130	nc8JGmS1wBIKRHPcqxBO	2024-11-22T12:03:47.870693	-0.965562403	3.820370197	6.818820477	0
131	o3KPkRkmemaRCIOkjPPM	2024-11-22T12:03:46.486072	-1.273427963	5.264552593	9.82929039	0
132	oRydBQ7BHXed4tC1bYG8	2024-11-22T12:03:43.305395	-1.572234035	4.561825752	10.93314171	0
133	q97T2aTLEYHb5YimfhY2	2024-11-22T12:03:43.503417	-0.690803826	2.915266037	5.940311432	0
134	rJuTtMoVsgRu7c6LjIs0	2024-11-22T12:03:44.892860	-2.697154284	5.765572548	7.611751556	0
135	ts96XBuJX96cs4uuXnOa	2024-11-22T12:03:44.103562	-0.783976555	3.299918652	6.938147545	0
136	wAWIq7uey7XHQKIZkSOo	2024-11-22T12:03:50.848773	-0.844751	6.716636181	7.751553535	0
137	wMgySDIkONqZw7QH5gTe	2024-11-22T12:03:46.084403	-0.908819795	4.527560234	10.14729691	0
138	x3JzI2eS7Dw1qW7iIVU9	2024-11-22T12:03:49.657805	-1.055277944	6.601302624	7.446800232	0
139	xgJVuex8vIZn4mOSzHlg	2024-11-22T12:03:43.106133	-0.822360396	4.182948112	8.256127357	0
140	yHYzrK8NVkwCNF86fGrD	2024-11-22T12:03:47.474426	-1.005708337	5.301882744	7.081224918	0
141	0d71n6oaZM0ljEeRM6jE	2024-11-22T12:04:09.517434	-1.658051729	4.811406612	9.831521034	0
142	0jX9fb40ehVk1WjTwSAU	2024-11-22T12:04:07.532852	-1.151199222	1.974143744	10.35031509	0
143	0m487OGUrts9s5K43VQ7	2024-11-22T12:04:15.069235	-2.083510876	3.584512711	8.17804718	0
144	3ZhwbScNmTEgBXKfIaTw	2024-11-22T12:04:10.502684	-1.481895924	4.719565392	8.185909271	0
145	4DjxkA6UixVm7P83Huws	2024-11-22T12:04:08.121072	0.940001905	1.802134752	9.442952156	0
146	79Yy9pmfMgLrtkbXgMhy	2024-11-22T12:04:10.702837	-1.754882813	4.510608673	9.287156105	0
147	9T3k7NSj9DowVdGDZFXp	2024-11-22T12:04:09.311522	-0.629253685	2.927448034	7.055386543	0
148	Aa8gGQn20iDAZrpX2xpP	2024-11-22T12:04:12.687109	-1.379969954	5.766578674	8.58155632	0
149	DmX8F70RFamzyERa48Ij	2024-11-22T12:04:12.098195	-1.318075061	5.320596218	8.216449738	0
150	FbDr1h8R5lF5Y8VHoCDW	2024-11-22T12:04:14.275392	-1.667657256	6.271256924	8.447481155	0
151	Kjp8lrhZomjkHcfq3b1W	2024-11-22T12:04:11.499214	-1.691446066	5.024787426	6.205110073	0
152	LMEP5D2tIOVGzIkIxQqS	2024-11-22T12:04:11.300135	1.074488997	3.565224886	7.720993996	0
153	MBz9o7YEYDxOwy6UDWon	2024-11-22T12:04:13.882729	-2.474847794	4.68673563	9.589447975	0
154	N1mIOrrLEJNwp5kblITZ	2024-11-22T12:04:14.481530	0.643743336	3.816922665	7.910039902	0
155	Nj5pfhfh82LACcklsRBV	2024-11-22T12:04:15.863271	-0.86704576	5.085762978	8.329072952	0
156	QuKm9i7ecdwRUvMFZ8J9	2024-11-22T12:04:08.716102	-0.47688666	1.926834345	7.170299053	0
157	S51X3gIWG2sx6yEu5vpT	2024-11-22T12:04:13.481628	-0.766498923	4.860717773	7.080660343	0
158	UUdtre6O6hai7VaX0XKR	2024-11-22T12:04:10.304837	0.346096218	3.664306641	7.295401096	0
159	UXIV4o0ELeqcaasa3nod	2024-11-22T12:04:14.083789	-2.096477985	4.366133213	6.771549225	0
160	UxRu3b9s2PcSHrwfWlAl	2024-11-22T12:04:15.267486	-1.755783081	5.325863361	7.116831779	0
161	V3NxrUFHtpG5tYE3nsLL	2024-11-22T12:04:07.732873	-1.806549668	2.715628147	7.148061752	0
162	VS8Gc5PJfGW5m5JDsiWh	2024-11-22T12:04:06.734154	-1.560952544	3.955853224	9.93195343	0
163	YHeCm3okAe7X3OGJPtXa	2024-11-22T12:04:15.466817	0.022323536	5.325097084	9.437224388	0
164	YohnCtQO6lsBzpxuOHy8	2024-11-22T12:04:13.084717	-2.252388477	5.060087681	9.042650223	0
165	Z9glmVoIyNogp3yZFYA8	2024-11-22T12:04:06.333612	-1.527289987	4.901342869	7.862108231	0
166	Zht7apUbMhC8kzsFMKtt	2024-11-22T12:04:05.735602	-0.851971865	4.648131847	8.656858444	0
167	aMMbnb0UqyvG6jd9r1W3	2024-11-22T12:04:14.870859	-0.718835115	7.025287151	8.253417015	0
168	aqZnQzlGLE5zSUpTWb6d	2024-11-22T12:04:08.320301	-0.870349765	2.904434919	7.893682957	0
169	awNLWPhS7lWzWwjFuRHD	2024-11-22T12:04:10.899879	-1.400856972	3.420260668	7.714137077	0
170	dfbtsD6n0X0UfraQWwpx	2024-11-22T12:04:12.885142	0.002394202	4.128130436	8.045791626	0
171	eYGrWL6HQFvBesx3bbLQ	2024-11-22T12:04:06.533960	-2.0113976	4.125678539	8.240410805	0
172	ehPSwYPUxAnuWAAp2Oku	2024-11-22T12:04:10.106764	-1.647297025	4.342038155	8.619298935	0
173	fr6no8MzCfdaLdhpp0OT	2024-11-22T12:04:11.100396	-1.422060013	5.300465584	7.922758102	0
174	gGmfin72sZacV5fvBt3E	2024-11-22T12:04:11.699258	-2.072258234	5.755814075	9.206002235	0
175	hL99vmTcn3kdnxmJOcaq	2024-11-22T12:04:12.489243	-1.733526468	4.729084492	5.362504482	0
176	hU2aQLA70GhoNT5NUHOa	2024-11-22T12:04:06.934411	-0.17628029	1.860553384	9.016726494	0
177	j3dKxFconS25PU4XPsDF	2024-11-22T12:04:08.917143	-1.279174089	2.847692251	9.474009514	0
178	kVDRX4DPSBgxyOtaN56e	2024-11-22T12:04:05.937045	-0.657064676	4.779554367	8.383670807	0
179	lqTaeBHqJQjOT2liqOVl	2024-11-22T12:04:12.289470	-1.327278495	4.00907135	11.08365059	0
180	mAJeH77rev4hRrwh8DLp	2024-11-22T12:04:09.907041	-1.082619786	3.544328451	6.916418076	0
181	mbRwfhSlBCWRR2Wxev1G	2024-11-22T12:04:11.899222	-0.761059284	3.557209253	6.764769077	0
182	p4Fl80CZw38uI7Ehq0Te	2024-11-22T12:04:06.135695	-0.504640281	4.336962223	8.516137123	0
183	pNlBL2ZcDBbQHZPCXEqY	2024-11-22T12:04:07.921983	-0.810887396	3.791908026	8.87743187	0
184	qjWJRVfKJ64zcnjdh02K	2024-11-22T12:04:09.718321	-0.674781799	3.100318909	9.791508675	0
185	rcGrfXnG6JqiRxpZIeUJ	2024-11-22T12:04:07.331952	-1.4412328	3.786286354	9.331449509	0
186	sh7ICYWmvKDA8lMulwmW	2024-11-22T12:04:13.283127	-0.228607953	4.953382969	9.050858498	0
187	tTFKOvG3iMUa0dM3HkMu	2024-11-22T12:04:07.134207	-1.066386938	2.659029007	8.260302544	0
188	xkzOqUHeCwNegKOROUI9	2024-11-22T12:04:08.517313	-2.203948975	3.265202522	11.4333477	0
189	yMBzJIojTv6v0OpMfIFm	2024-11-22T12:04:09.116417	-0.904653907	3.235227346	10.42565632	0
190	yYiaPS3wxKUCe1ECTNNW	2024-11-22T12:04:14.671288	-0.612609208	4.75485611	8.068469048	0
191	zWMpDfDsym9nTtj7aomm	2024-11-22T12:04:15.664228	-1.192762613	4.740528584	6.569037914	0
192	zYQvE9ninHB27DWKVEfU	2024-11-22T12:04:13.681105	-0.052605402	5.842216492	7.901890278	0
193	0XYcUIFYCUuVRbapZ2GD	2024-11-22T12:02:54.276247	-0.12476664	3.372415066	7.124416351	0
194	0lU3EZHOokqtHvwqlTEl	2024-11-22T12:02:52.878559	-0.489700437	4.679524899	10.3014555	0
195	1iDWdsP8i6m9OmgJSMhy	2024-11-22T12:02:53.277498	-0.128204718	4.074193954	8.74111557	0
196	3WpttEISyaMEAdoX3nsr	2024-11-22T12:02:56.452800	-0.754690647	4.872784615	8.546792984	0
197	3ZOTk9HJ0A44YceWnruh	2024-11-22T12:02:56.654629	0.566324472	4.534436226	9.005052567	0
198	4McdjtyUiiIRN1puYW2b	2024-11-22T12:02:57.841789	-0.069058359	2.337746382	11.01224613	0
199	4nrLVs43GH5dwoGRrpP1	2024-11-22T12:02:55.460868	-0.593244851	4.921233654	7.435490131	0
200	50vIsPapjCIz06qguXdD	2024-11-22T12:02:54.076461	-1.680040002	3.742778778	9.585838318	0
201	5iDZ0p0X6au54LmV2QKb	2024-11-22T12:02:55.260861	-0.674676478	3.084928989	8.216191292	0
202	6qYUf7B20g6cXKMDzGBM	2024-11-22T12:02:50.296446	-1.065180302	3.976874352	8.440020561	0
203	8htfVf0NlnQSdW3NFe3o	2024-11-22T12:02:57.254280	0.000354342	4.055136204	8.993895531	0
204	AWn9kZVgFJ5jKnnDOsA6	2024-11-22T12:02:52.489001	0.254158884	1.815561414	10.55074883	0
205	B7cBKlpmtJ0yJIlBbiFc	2024-11-22T12:02:55.063523	-0.659688771	3.968034983	9.615813255	0
206	BVFuZbDjcVPM2pM0Dw4P	2024-11-22T12:02:59.036848	-0.528017282	3.546214819	6.802645683	0
207	DsZ2MdBiEYpFwLbyu403	2024-11-22T12:02:58.437683	-1.522894263	2.9516294	8.054880142	0
208	E82qTffc5FTDD23uzMmu	2024-11-22T12:02:56.254707	-0.429184616	3.733958721	7.579678535	0
209	GKUFOSv1VJQNtahtN6zE	2024-11-22T12:02:58.042088	0.179364011	4.120842457	7.170998096	0
210	GfNMrBipFJ3EPGM0XuIb	2024-11-22T12:02:51.886150	-1.671966791	3.827591181	9.28128624	0
211	I61hAOVasJN73L49ZzY7	2024-11-22T12:02:54.864509	-0.68690604	4.29695034	8.58217907	0
212	LZUvRT9X73gaiz8KxxJZ	2024-11-22T12:02:52.287845	-1.067967176	4.203710556	8.945551872	0
213	MxALHrh59F7vLQuAcGT5	2024-11-22T12:02:54.665294	0.46525085	3.139440298	7.833895206	0
214	NTKK7sRMfHOZYdF2ZxFC	2024-11-22T12:02:51.290543	0.177563563	3.013878584	9.55093956	0
215	PV89yfyA4JZGcElzhzoi	2024-11-22T12:02:53.476933	0.349792868	3.035100937	9.755624771	0
216	SxjtgE8a9sDu4MaifXRZ	2024-11-22T12:02:53.077740	-0.958102047	3.052080393	6.819787502	0
217	T2ob98uEPsRk2Vt9i24f	2024-11-22T12:02:57.643805	1.095184445	4.621738434	8.759885788	0
218	Vm9PnA9dEEPjFEJ6vVX1	2024-11-22T12:02:51.687674	-0.429452747	4.3752985	9.155580521	0
219	WbLiOOvRHwMtLDDlT7si	2024-11-22T12:02:53.876917	-0.653569162	4.530969143	9.695865631	0
220	XERX1MwkT8NMDMo5ULSi	2024-11-22T12:02:56.055471	-0.302933574	5.307274818	8.694783211	0
221	XSy5EOtOBAjWsFmfIhEO	2024-11-22T12:02:55.856893	-0.194188923	4.596848011	6.637962341	0
222	XX5W7WGWQfvh9GIr1dWB	2024-11-22T12:02:56.854251	0.43488279	3.924469948	6.814099312	0
223	ZtaPG1fJFqxgFxeTpToI	2024-11-22T12:02:58.637315	-1.438493848	4.120928764	8.19598484	0
224	acXt7iZwLG5tCb3gbFyd	2024-11-22T12:02:59.433059	-1.372787356	3.850067854	9.780313492	0
225	eeCFTeLLX2uBrfrMbtZy	2024-11-22T12:02:50.695202	-1.924478531	4.310013294	8.128353119	0
226	g6nWx3WNmelPT4TBXNEn	2024-11-22T12:02:51.491027	-0.884341478	3.352160215	6.937160969	0
227	grlBM1w6ru1pnxNU6NPF	2024-11-22T12:02:58.239295	-0.541108787	5.216726303	10.37926674	0
228	hEwPQeHXY5obep9hVHfC	2024-11-22T12:02:50.893573	-1.638514996	4.243895054	9.427523613	0
229	hLPfEKlAbq2IkZMuvLNa	2024-11-22T12:02:57.454553	-0.969642103	3.231396437	8.15128994	0
230	hWh2MZoyIX5pwvIRAw9q	2024-11-22T12:02:58.835908	0.469024122	4.038424492	9.729106903	0
231	jyVxQ8nOk77NVHKSYRAO	2024-11-22T12:02:59.634119	-1.157012343	3.627282619	7.492463112	0
232	kHLfdtDgOWyZbS3NNmLz	2024-11-22T12:02:59.237450	-1.055000186	4.659729481	8.885140419	0
233	kKuNhQUjvNP1IixUtYTl	2024-11-22T12:02:51.092196	-2.098948717	3.98036027	9.13228035	0
234	oPIiQsku8wWr6yP6qhFJ	2024-11-22T12:02:52.689879	-0.665032566	4.050050735	7.177510262	0
235	rD2JO76ZTwRr63uBDYJ9	2024-11-22T12:02:53.672865	-1.464044809	3.872755289	6.718800068	0
236	tUNA9Xy1srg79W0HWQvS	2024-11-22T12:02:50.496241	-0.934246242	3.994668007	8.267772675	0
237	uh0zYIpvUPw0Dpjz0KjB	2024-11-22T12:02:52.088944	-1.012392998	3.144161463	7.509787083	0
238	wo4PUbSYmQKRtCpw1cVh	2024-11-22T12:02:59.837209	-1.686226726	4.756618023	7.767930031	0
239	xFP0u4takH50yuDHXFCE	2024-11-22T12:02:57.051658	-0.479309589	5.548303604	8.643470764	0
240	yOzcmbAHHdsuBajPBlFV	2024-11-22T12:02:55.659159	0.81813705	3.196680546	10.63389492	0
241	yVX0b24hhknr15rqANi8	2024-11-22T12:02:54.476925	-1.159272432	4.866540432	8.086894989	0
242	260OHM7D5grPdha8m6CQ	2024-11-22T12:04:26.987314	0.581762254	2.899349689	6.571231365	0
243	38Tg6distOtjCNklp5NM	2024-11-22T12:04:26.384885	-2.080982685	3.870016336	9.367659569	0
244	3gkwDFe5Dv2UXlp0YHFf	2024-11-22T12:04:31.149358	-0.19922632	3.34774518	10.54854584	0
245	FRwSM4Xkqdrxw2Mn1eTS	2024-11-22T12:04:26.190310	-1.0028162	4.503656387	7.417562485	0
246	GHfKumKRhlx9BiZhoRjL	2024-11-22T12:04:34.126733	0.122573547	5.487155914	8.92147541	0
247	LAgeyIBqyTOgydYV9hrR	2024-11-22T12:04:31.348289	-0.737816334	4.02236414	6.371851444	0
248	LLsvATf2JFnMbJYkhsFh	2024-11-22T12:04:26.782565	-1.907632947	3.313967705	10.90851021	0
249	M6kfBlo02fqUG3pGybkN	2024-11-22T12:04:28.575741	-1.868176341	2.708598614	8.364717484	0
250	MMUWegH0FDDabmLboDSh	2024-11-22T12:04:27.378299	-1.652765274	5.137708187	9.299606323	0
251	MakX0FQfQnL3jbgUX2zp	2024-11-22T12:04:33.929701	-1.735394001	4.41814518	8.153377533	0
252	N5RzNZXPhYzKJa1mvMun	2024-11-22T12:04:33.134924	3.730482101	3.825685263	9.485261917	0
253	O4CZ140Fo6kZeHMgBVZq	2024-11-22T12:04:30.362685	-0.909681678	4.707153797	8.806285858	0
254	O6u8ovwcfhuUenWQhmkR	2024-11-22T12:04:29.164789	1.072516084	3.081730127	7.010280132	0
255	OQadFIpjgy7dY5YkdVBH	2024-11-22T12:04:31.943644	-1.984017491	5.458703041	8.476268768	0
256	PZfsBNaharUsDsUW0L5X	2024-11-22T12:04:28.966213	-0.967267096	4.647202969	10.06469727	0
257	Qkjg1Xe8NEihXqBjzqeZ	2024-11-22T12:04:32.545908	-2.666623592	6.44770956	10.09128189	0
258	RNpq4UhJ8N3wxNAE82d5	2024-11-22T12:04:34.325927	-0.508241177	6.166266441	7.112042904	0
259	Tbxjc3caj6wpHuoqNDUt	2024-11-22T12:04:33.730160	-1.670041919	2.819335222	9.785179138	0
260	UWeSdHHwAfzMrMAP3X8Q	2024-11-22T12:04:32.936049	-0.41647616	4.231828213	8.230345726	0
261	UgRZ1Zz7FSKew7Jbe5bg	2024-11-22T12:04:28.767332	-0.784838498	3.392717838	7.987985611	0
262	V5i74O3HnxKEWHCVNu45	2024-11-22T12:04:26.582873	-2.771556616	4.503770828	8.783473969	0
263	W74QAUvEMioG02Qm5Vnp	2024-11-22T12:04:29.362623	-1.381032944	4.79950285	9.363502502	0
264	WqbDla5C9o7vD1H2wHDB	2024-11-22T12:04:28.174217	-0.789770484	3.318890333	7.230862617	0
265	Ws7DqhQsL1dZ8rDFxsao	2024-11-22T12:04:30.951639	-0.928605497	4.769939423	8.247938156	0
266	Ys81XOvmYyboQLzy3XY6	2024-11-22T12:04:33.531677	-1.869986415	3.297725677	10.26191235	0
267	ZOFUdNECYyK3XJ40KPfC	2024-11-22T12:04:29.957514	-0.859681189	4.864510059	9.016103745	0
268	ZwVFIhqOELOjel1TA0Vf	2024-11-22T12:04:29.560858	-1.735307813	3.102464199	9.987613678	0
269	eaKHH0pe60XzSwyzx5nl	2024-11-22T12:04:31.547552	-2.021501064	6.591831207	10.83294868	0
270	gfmNP2ll0xrncMKunXim	2024-11-22T12:04:30.158665	0.461075366	3.142906904	8.201672554	0
271	kxfzR8MqmXgOvVPKJbeY	2024-11-22T12:04:31.745431	-1.017143011	2.966827631	7.308626652	0
272	m86XndH7AdZiymUiMWcC	2024-11-22T12:04:25.986178	0.068627395	3.862249613	8.826856613	0
273	nAoNajGfEEzE8BrBa1ve	2024-11-22T12:04:32.144175	-0.961319864	3.506193399	11.77613926	0
274	quqadIczJiatHbXWpOKr	2024-11-22T12:04:34.527570	-0.432766318	5.303204536	7.364401817	0
275	t0jCJ0sgCXiQWJJh9w4m	2024-11-22T12:04:33.334866	1.426120639	3.624945879	10.57148266	0
276	tIOOA0SzPqAjreRg4HRL	2024-11-22T12:04:29.760472	-1.595007539	3.712487459	7.198186398	0
277	tJtcTlr8mVTwSRZjxD2e	2024-11-22T12:04:30.752014	-1.392371893	3.552047014	7.637589931	0
278	uHadSjmLnaWx12GwXHEq	2024-11-22T12:04:32.738188	0.655024827	3.529608727	6.873188019	0
279	x9RQZEup7vjAyDVeRDYw	2024-11-22T12:04:34.727011	-0.960094035	5.016944408	7.168479443	0
280	y13eD3ZFFq0tZbhVbblM	2024-11-22T12:04:27.575727	-1.388732791	2.386760473	8.220405579	0
281	yW2mm56CALb01YtizoDT	2024-11-22T12:04:27.975514	1.217547417	3.146660805	9.72492218	0
282	ylA3xEcPsqpxEdCW62Xf	2024-11-22T12:04:28.374681	-1.036076427	3.786985397	10.41232586	0
283	z5cJ0SO6dxw7Po3Petod	2024-11-22T12:04:27.775209	-1.185647011	4.550850391	8.616607666	0
284	zNi0ZxhJajd5MGJiypAy	2024-11-22T12:04:32.344521	-0.726056039	4.655793667	5.554164886	0
285	zSJ6Xu2P9LTnE2q5hOYH	2024-11-22T12:04:27.179398	-1.129230022	4.620800018	7.754848003	0
286	zxHBXQbQ2ktuyOBh6KV3	2024-11-22T12:04:30.553653	-0.048027687	3.624313831	10.642169	0
287	25xmpK5zSCHL6LVo8xxG	2024-11-22T12:06:27.685622	-0.993584096	1.344449639	10.88127327	0
288	2Sulz11d8cElAHlKK7jl	2024-11-22T12:06:22.125794	-1.560406566	3.385487318	11.51723003	0
289	3YnkNSLv3KXg101PMnbM	2024-11-22T12:06:28.478703	-1.788976192	2.790547371	9.590376854	0
290	60X4kWVO2Hu0alXJf36F	2024-11-22T12:06:28.081943	-1.723212242	1.248413324	11.011796	0
291	6rfb0Vvmu5GcuWK0LIkC	2024-11-22T12:06:26.891166	-1.596530318	1.401374102	7.934518337	0
292	76AlSABIqCFFmZF5i1G6	2024-11-22T12:06:24.309512	0.924679041	2.881670713	9.446044922	0
293	88sULvN0OfDnZXiWRvxg	2024-11-22T12:06:28.281768	-1.894129634	3.012480259	8.02061367	0
294	9MtfjtgfWAqk0EhJ8Ltp	2024-11-22T12:06:22.326416	-3.428439379	2.266992807	7.889019012	0
295	9XHhWKspUVnoTzjBGK8i	2024-11-22T12:06:24.908521	-0.527337253	1.954137802	10.09709549	0
296	BDf2j3WMRwqPlF6yJxRX	2024-11-22T12:06:23.119283	-3.634627819	3.502851009	9.461330414	0
297	BTrA4CCrxeypettCvVP2	2024-11-22T12:06:24.709822	0.913110256	0.829150319	8.605239868	0
298	D3wfhJWZP4EfvRFadXUI	2024-11-22T12:06:22.727772	-1.925867081	2.634627342	10.33338356	0
299	DDzqeBEV2Flz6YpsIqD1	2024-11-22T12:06:21.729142	-5.453732967	-0.43588838	13.08838272	0
300	Eo2LJNKfzUUltBlbtAxy	2024-11-22T12:06:27.092442	-0.834494174	2.531533241	10.21676731	0
301	EpD9upG2KpuSdcmRnIKm	2024-11-22T12:06:29.276957	0.209109575	1.612044692	9.942612648	0
302	IVwpt2Tx1BcvpqQ2zHDF	2024-11-22T12:06:27.882655	-0.999090791	1.501336813	7.766292572	0
303	KRFqA0eKTWb3hCuNxHW3	2024-11-22T12:06:23.516530	-1.888297319	2.455014467	10.26346397	0
304	NeozW8li2OCFVWS8Mcgy	2024-11-22T12:06:23.913148	-2.112404108	2.236136436	7.810671329	0
305	P72jeoJ5ccafIIARo6dB	2024-11-22T12:06:23.714300	-2.110220671	2.834485769	6.775514126	0
306	RSIK6jmcLIMcN2TuLhaN	2024-11-22T12:06:29.074594	-1.132486105	2.933012009	7.203070641	0
307	TAeHppa9SYsIp6fBjzNe	2024-11-22T12:06:25.699653	-0.636838496	3.961005688	8.097372055	0
308	TjoZhG2KZ8nVGrSf6Bsf	2024-11-22T12:06:26.295085	-0.465011448	4.00270319	8.254757881	0
309	TqPaBUamIbguGK79pZT4	2024-11-22T12:06:24.112550	0.135933191	1.407407522	11.60722351	0
310	UihNIceTgzSAtX20EJap	2024-11-22T12:06:28.677406	-0.73662883	2.780961037	7.761092186	0
311	VN6YeClSBDNmsvt7NTny	2024-11-22T12:06:28.876657	-1.94631362	2.594002724	9.9041996	0
312	WNetCjCtOkBuH4iGZa2T	2024-11-22T12:06:23.316374	-0.593292773	3.567887306	7.656848431	0
313	Zz1rTQqKjORLpdXxiiID	2024-11-22T12:06:21.927530	-3.207808733	2.038116932	5.959703922	0
314	bMyqjAjtz8xs8xB0boyj	2024-11-22T12:06:21.528380	-4.395916939	6.10567379	7.343965054	0
315	ewHWSf8dNMFNwCngfHJ7	2024-11-22T12:06:26.096793	-1.442745924	3.534224749	8.680101395	0
316	gwqxQuYDiiv1KAuaLsJI	2024-11-22T12:06:27.493014	0.498673916	2.307359219	9.177702904	0
317	izIF8vshsp73LFdHR4Vu	2024-11-22T12:06:22.527265	-0.784158528	3.161754131	10.39749146	0
318	kyuZApfwW14UKgea2tCm	2024-11-22T12:06:25.304001	-3.326360226	1.716125488	6.566040516	0
319	lYLdQNaTPvfosAJWCt4T	2024-11-22T12:06:25.899381	-0.59275645	3.200061321	8.409269333	0
320	mEmI2c7sY9TMuDYw2n9a	2024-11-22T12:06:27.291587	-1.731783628	2.185025215	8.868487358	0
321	qGrq95xBYfpAEm3srIiJ	2024-11-22T12:06:24.509371	-1.336146474	0.350568593	10.13914776	0
322	s4g9u2gL3TbOPNFZZmsj	2024-11-22T12:06:25.110611	-1.247398138	2.544835091	10.32358646	0
323	s9uBA6o6Uy01gCZYAPLE	2024-11-22T12:06:22.927487	-1.831928253	3.092887163	8.282644272	0
324	txGhgoErWvoMpcf1ncxV	2024-11-22T12:06:26.494766	-1.165545344	4.029019833	8.231255531	0
325	x2NinlT0NkrCMrozjzQH	2024-11-22T12:06:25.501298	-4.084412575	2.831909657	10.15482426	0
326	xedE3lgLvwT1UlLh3vwa	2024-11-22T12:06:26.692509	-1.104426146	2.989438534	10.70285702	0
327	0pGwjz4iqsCFp1KRJ1jD	2024-11-22T12:06:56.016111	0.179182053	3.07744956	10.59103775	0
328	1GqlU7PpxiEZ7h6cDmQI	2024-11-22T12:06:59.389113	-1.582883358	4.754042149	6.193273067	0
329	21dq7lQeX3EcqKHhOG7Q	2024-11-22T12:06:57.800843	0.090098597	3.541167974	8.836184502	0
330	6jYTZyQu2hwRTyphMWS5	2024-11-22T12:06:56.609484	-1.15517354	3.851236343	9.07467556	0
331	7kIz8PrOMu7sc0eNsjId	2024-11-22T12:06:57.007905	-1.992464185	3.397343397	9.852312088	0
332	7lCrRo3Yg7cwFbkljVN9	2024-11-22T12:06:55.617003	-1.085540652	2.937264204	9.28735733	0
333	9OHKaYWMhn9XPLIwh3JO	2024-11-22T12:07:06.139364	-0.309369177	5.404077053	8.397068024	0
334	B4kFcGjZQ8XzGRglPQV3	2024-11-22T12:06:55.815562	-0.01475786	5.832954884	7.445718288	0
335	C4KDiyu65FuPd68fRg2S	2024-11-22T12:07:02.565559	-1.148680568	4.964654922	10.0074091	0
336	CcLQ38O0R2XkVKcyxBLx	2024-11-22T12:07:00.580812	-2.433370829	4.657095909	8.93302536	0
337	DjTQcD8kfFVZiIlcDFII	2024-11-22T12:07:06.536209	1.262338042	4.9214921	8.012598038	0
338	Gs687ZKPvPRgj6DUzzGs	2024-11-22T12:07:00.981208	-0.595734835	2.553167343	9.658783913	0
339	HEtjMmvDDwBIrCZhtuHw	2024-11-22T12:06:55.418858	-2.460434914	4.237277508	9.259786606	0
340	HhziBs9itN4DhokjQsVA	2024-11-22T12:07:04.749455	-1.73036623	4.658388615	6.760890484	0
341	KHWKiaBj4S9uotfVjZ0c	2024-11-22T12:06:58.992387	-1.054530859	4.160586357	9.185421944	0
342	KUd4R8pQvNkMDPY85FDF	2024-11-22T12:07:05.147528	-1.879362226	4.737818718	9.347777367	0
343	KedByf3d6eNU7c9vWbVK	2024-11-22T12:06:54.823720	-0.869200587	2.385247231	9.39035511	0
344	Kj8HSsepH5X8CI0FVEb2	2024-11-22T12:07:04.550600	-1.945767641	4.12257576	9.641795158	0
345	NL9iOansBKMtW1mpgldt	2024-11-22T12:06:55.021487	0.359915555	2.548943758	8.095380783	0
346	NjSeuYlOf10UMAjl7EJg	2024-11-22T12:06:56.415398	-0.768893063	4.801695824	7.153520584	0
347	ObIIcILBXl3PlQ5SG7IZ	2024-11-22T12:06:57.602628	-1.762103796	3.82259202	10.90320396	0
348	PrsEeaCiL1qtwtKf2DWH	2024-11-22T12:07:01.573119	-0.7901057	3.188004255	6.773780823	0
349	QlV2px639nz8C4XtqI5S	2024-11-22T12:06:58.798608	-1.646138191	5.161850929	8.873247147	0
350	SIq3SZFq0MGhxRPny9UB	2024-11-22T12:07:05.741755	-3.137428999	3.709729195	7.71228838	0
351	TjUuwtMYkklAtdoPOr0J	2024-11-22T12:06:57.205477	-0.825099349	4.239307404	8.183084488	0
352	UIh4OIi9TdhV6bfLLIGt	2024-11-22T12:06:59.785997	-0.559026897	3.236175299	6.791775227	0
353	UPxU9UMAPaENvN77WgiC	2024-11-22T12:07:00.381554	-0.91997683	3.143912315	8.463751793	0
354	UQhawUUI5UcI4s3VJiK5	2024-11-22T12:06:55.220859	-1.261792183	3.287899733	9.788003922	0
355	UVVEKoZ7Wn507AjFJ7tO	2024-11-22T12:07:02.367362	-0.589586556	2.104082108	8.306702614	0
356	WJ1IfUHNXdcB9GpqZaCk	2024-11-22T12:06:59.588175	0.505904377	3.83439064	10.95353985	0
357	XDtnIZMzeOBmCOkYwaLa	2024-11-22T12:07:00.782278	1.171645761	3.891181231	7.295170784	0
358	Xb8LQZ839NvkAPfkoPCI	2024-11-22T12:06:59.190656	-2.391357422	3.920524359	8.423663139	0
359	XxIUaSHDzwVvhJyIBN9N	2024-11-22T12:07:05.543987	-1.491616368	4.430068016	6.969032764	0
360	a4zQPMbr7ML3GmiI5l2y	2024-11-22T12:07:02.763847	-2.114204645	3.227288008	9.371777534	0
361	aA6RnqzkeOz0MW8JU1q9	2024-11-22T12:07:04.352039	-2.853332996	4.337058067	8.92387867	0
362	b4GEWfykg83OyT3Kh8UD	2024-11-22T12:06:59.985169	-1.79330492	4.66775465	8.645184517	0
363	ev15jreZLr1lrullVOyj	2024-11-22T12:07:04.153821	-0.651222825	3.927410126	7.659999371	0
364	fM4lcaZUw3PR8X7HLncX	2024-11-22T12:07:01.176143	-1.092742443	4.47513628	7.7664361	0
365	gyjmqNCYwaGputXBfZ4o	2024-11-22T12:07:06.734336	-1.655408621	5.483124256	6.407544613	0
366	iMT36yNf4XjXWiXcEnHt	2024-11-22T12:07:06.337664	-0.3868168	4.358778477	7.759837627	0
367	jENZS7wNlaEmjpSn1Wpu	2024-11-22T12:07:05.344909	-3.096038103	3.695498228	8.559232712	0
368	jl4iIUQNn5QkzfFYG5qa	2024-11-22T12:06:58.399412	-0.842462122	3.643007755	8.207448006	0
369	k1h1mgaFD7TsKTx08X3O	2024-11-22T12:07:07.134909	-1.572435021	5.276025772	7.739793301	0
370	kzlKPiCNRHXHFIFBmcjL	2024-11-22T12:06:57.404516	0.658999205	2.329558372	8.882545471	0
371	l5uNtF9aUznxCDnPyIzT	2024-11-22T12:07:03.955852	-1.549172997	4.59424305	7.281227112	0
372	ldIVgnZ0FJuaSn4Ox1vL	2024-11-22T12:07:00.182909	-3.208009958	3.309974432	10.04363728	0
373	mMskmUikQk1sRjqdgHsZ	2024-11-22T12:07:03.563563	-1.475460291	3.973666191	7.163097382	0
374	mok05jMKaD0dWsQVHkBN	2024-11-22T12:06:56.214561	-0.554152369	3.99164176	8.042908669	0
375	n7bI02uQBwtBf6A4RIut	2024-11-22T12:07:06.934671	0.08196789	4.781134605	9.963891983	0
376	nIJCBcP7gILBKozed4B8	2024-11-22T12:07:05.940524	-1.579713345	6.090015888	6.481458664	0
377	oSfISU7FKodFXvhR8ZcK	2024-11-22T12:06:56.808646	-1.808848143	4.249372959	8.414239883	0
378	pZijTeH7Keuc3QRNwcaR	2024-11-22T12:07:01.969947	-0.785604596	3.519131899	9.548048019	0
379	qaSVZung7a6NvF3cuQLz	2024-11-22T12:06:58.000277	-1.800018311	3.807307482	8.684555054	0
380	riLezaj81R7Wkdh8J0oL	2024-11-22T12:06:58.599325	0.939973116	2.248327971	9.480837822	0
381	tOdaEGiRVolyb4CCSB2l	2024-11-22T12:07:01.374570	-2.814010382	2.926241159	12.19755745	0
382	tbxCl5x5vptQHNUvIz1s	2024-11-22T12:06:54.622155	-0.545600295	3.38586092	9.069533348	0
383	tdxg4yGJFxYiFH3QRCcb	2024-11-22T12:07:02.964260	-1.779246211	3.273984671	7.300246716	0
384	trJYiy8evvh25myhPPr5	2024-11-22T12:07:03.756695	-1.572981	5.183657169	7.942342758	0
385	vKIDRndxqBhYaIFS0dAh	2024-11-22T12:07:01.771411	-2.188099146	3.411124468	7.860796452	0
386	x3c01jUbZayt4Ub7dvgd	2024-11-22T12:07:03.164744	-1.922582269	3.73910141	7.73726511	0
387	xAzBRHlCgANqUs8LCzk9	2024-11-22T12:07:03.362191	0.613423228	3.583018541	10.42528343	0
388	xU6dXV0MxiXoLSGZXh3M	2024-11-22T12:07:02.168339	-0.555828333	4.389242172	7.54458952	0
389	zBHig6J4Yj9ucIKEXxHG	2024-11-22T12:06:58.197853	-1.842912793	3.89713788	11.49536705	0
390	zb1dzDWhS4Tv54aFVL2w	2024-11-22T12:07:04.947767	0.299275219	2.520902872	9.409404755	0
391	6UGvYZqBs3GeuakLg1Az	2024-11-22T12:05:09.068755	-0.965112329	4.78375864	10.18199444	0
392	FNgUvq0cImUyVKtwJH8n	2024-11-22T12:05:09.663993	-2.778260469	4.080045223	10.41019058	0
393	Qd9zF134GhQf7rYTBPcK	2024-11-22T12:05:08.473159	-0.994043827	4.414390564	10.18975067	0
394	Qq3ZmXZWmtnVYSxa31i0	2024-11-22T12:05:09.465231	-1.262136936	4.068974495	8.715219498	0
395	XktcWxFpE7HOP2WRkKI8	2024-11-22T12:05:07.680662	-2.52384305	5.402391434	8.097362518	0
396	cTslYJZrWkhqrPeIHlIz	2024-11-22T12:05:07.880167	-0.93319279	4.063918114	11.26736259	0
397	gJGmEcfd2LsZL5tAWiI1	2024-11-22T12:05:08.869353	-1.18029356	4.267176151	6.130037785	0
398	hO5P3xAH9j1EQP3FbJ2B	2024-11-22T12:05:07.479852	-1.732817888	2.691848993	8.284090996	0
399	hef8vvOV88IoHjyQO2sE	2024-11-22T12:05:07.080795	0.632777929	4.486886978	7.401100159	0
400	liXhDrjdGN9D7psVKjKn	2024-11-22T12:05:09.266565	-1.097779751	2.41697526	8.672171593	0
401	nOzvVrMAwFdZWFB8ouy0	2024-11-22T12:05:07.287605	-0.610780001	5.70670414	6.834899902	0
402	nrul0vBANwHwl64PgKzv	2024-11-22T12:05:10.063682	-1.025551558	6.353540897	9.08350563	0
403	pKHCgTYO1sRrL8gYYpcB	2024-11-22T12:05:08.277366	-0.214597091	3.149428606	8.488316536	0
404	ruPA48TF5fNDXuPR8zvB	2024-11-22T12:05:09.862385	-0.231969416	3.561988115	4.63504982	0
405	tbthV5foJy7bh5wgATxd	2024-11-22T12:05:08.081553	0.418784171	2.024565697	7.022270203	0
406	u1aDPzgmlsoa9vOQfEbm	2024-11-22T12:05:08.671307	-1.639357805	2.216121197	8.59696579	0
407	2i94BwNx6buJLB3J1BVL	2024-11-22T12:05:56.840933	3.865611076	7.309565067	4.950490952	0
408	3HSLQpceaHZNnp2T2TCP	2024-11-22T12:05:54.458382	1.207731128	7.605162621	6.150445938	0
409	50h0aK1PEqtlmgOyjE3F	2024-11-22T12:05:52.274943	4.82103157	7.124694347	2.864585638	0
410	5FpapdrwDTzgmDHWy5SX	2024-11-22T12:05:53.267686	3.950585842	8.349644661	4.869719982	0
411	6Z99KJmALSAyORcMV2yx	2024-11-22T12:05:50.488297	4.753677845	9.520159721	2.582663536	0
412	6s2cUIsrNzgKOfnN2SGY	2024-11-22T12:05:52.076285	4.660974503	7.287336826	4.561366081	0
413	88ABFyFCRwFmKk6U2Q4U	2024-11-22T12:05:54.061472	3.659546852	7.576355457	5.208231449	0
414	8zlA1RrQY3Mva8OqBWNV	2024-11-22T12:05:53.863323	2.816519737	7.774997711	4.571747303	0
415	996HzjzC8b38IeP3Imit	2024-11-22T12:05:56.444532	3.871098518	7.269332409	4.31411171	0
416	9MIaliJH7IvVNRpgRIS6	2024-11-22T12:05:52.672241	0.912200451	6.553150177	5.867077827	0
417	CzzIAwjtayKI0Clen2dL	2024-11-22T12:05:49.296391	2.843420982	3.173897505	6.674995899	0
418	DMDdexj5ena8fMEb4BTP	2024-11-22T12:05:56.050016	2.881833553	7.740310669	4.261659622	0
419	EDjdOtSH1Safyp9HFsyj	2024-11-22T12:05:49.495531	-0.519024611	2.361391544	8.54463768	0
420	NBCDqf9IXQLOJoAuTjDD	2024-11-22T12:05:51.084804	4.061763287	7.308348656	3.974872828	0
421	QYxpokqah1mmTJzbLYmF	2024-11-22T12:05:56.642567	3.37993288	7.332951069	6.768829823	0
422	QfuYcUVI1pgzntg4M8ka	2024-11-22T12:05:49.892494	-1.604747176	2.669889212	8.739343643	0
423	T6ZCvK6PUvFmRdfx2Ry8	2024-11-22T12:05:54.855770	3.414533854	8.11899662	5.017375469	0
424	TtqiFrqugyQFcQAHblyV	2024-11-22T12:05:55.649868	2.751608133	8.286121368	4.895711422	0
425	TxCn7TdrgxpsqODmJr8o	2024-11-22T12:05:53.069179	2.998986483	8.204498291	5.949332714	0
426	U1fzGAji89Tobxg5tZrS	2024-11-22T12:05:50.884503	6.635597229	8.792293549	-0.929457843	0
427	YjLxLlRBXUU4a9xCPbk2	2024-11-22T12:05:55.451374	3.790662766	8.597300529	2.358978271	0
428	aN6uV9XwBSfi5jZtLR12	2024-11-22T12:05:51.877747	3.299726963	7.046499729	3.441885233	0
429	aY9kFueUa7RBxCQK94yN	2024-11-22T12:05:50.289961	2.07322526	7.356012344	-11.86092281	0
430	cvkeg5UQso5Iam9B3GcW	2024-11-22T12:05:55.055080	1.905162096	8.586316109	5.10779953	0
431	dOwoQxDQaU7zuLZ8FBr5	2024-11-22T12:05:50.686552	2.719918489	8.794343948	-0.18344374	0
432	eflTLAnQSkI7NWRh2oXO	2024-11-22T12:05:51.285012	4.435460091	7.755154133	3.601865768	0
433	gkZxtqny1qKrTsVSUaqk	2024-11-22T12:05:52.473596	4.974556923	7.815938473	5.211717129	0
434	iuNX4w1C0xxdFx9kfDjY	2024-11-22T12:05:50.091022	-5.920659542	2.198796749	16.26731682	0
435	l9v1Tphdh4HAeLHZkGR1	2024-11-22T12:05:55.252811	1.904530048	8.80226326	3.508300304	0
436	lkXl5pM4kEEZ1esiaGv0	2024-11-22T12:05:52.870507	1.216838598	7.65429163	2.352121115	0
437	lnJcQYyyhhuwONgPgKJp	2024-11-22T12:05:51.480797	4.270776749	8.556465149	3.298185349	0
438	meyELCAvMuF24KY9cHpH	2024-11-22T12:05:51.679595	3.712544918	6.961821079	5.947542191	0
439	ndhWiWnhpDhX25xb4Bu4	2024-11-22T12:05:56.249870	3.18290925	7.14782238	5.047954082	0
440	oejajVhUpLiYr6WRGKsC	2024-11-22T12:05:54.657200	2.205988884	6.785110474	4.772726059	0
441	qd6lqAYhr59pBTGbyk2e	2024-11-22T12:05:55.849320	4.283792019	8.357497215	4.384415627	0
442	vHJmDRblo32WHdKufQJi	2024-11-22T12:05:53.669856	3.099342108	8.292451859	5.640384674	0
443	w71KMTdmswBD0Fzlln3F	2024-11-22T12:05:53.470455	2.514936447	7.175709724	4.989592552	0
444	wS2prNy8USu9zY3pO2BQ	2024-11-22T12:05:54.260222	4.200588226	8.156891823	4.531131744	0
445	x96o3tlo4ZMW5UovbvRu	2024-11-22T12:05:49.694040	0.285139829	1.521792889	7.104582787	0
446	1QqW9mPTeHAuGitHAdZX	2024-11-22T13:00:25.882504	-0.215238735	3.22676158	6.780130386	1
447	3bcdVDL0hY2OYOVzrRE6	2024-11-22T13:00:24.294128	-0.778125107	5.620512962	8.775046349	1
448	6VZ4beuCJuJKFQ1vK0uY	2024-11-22T13:00:27.669572	-0.740909696	6.544645786	8.681797028	1
449	6jndOBtA6jYCQ1Tsa6dI	2024-11-22T13:00:30.051523	0.005295974	6.568310738	7.754684925	1
450	7eIqMX93sJynz8mW9iYo	2024-11-22T13:00:28.666019	0.453672498	4.647576809	7.36891222	1
451	GLlVKRr73GqykYp5Z5RP	2024-11-22T13:00:27.470660	0.81745708	5.941268921	5.847608089	1
452	GMqLcOHRtYrv4GG0LyWp	2024-11-22T13:00:26.081073	0.12476664	4.605103493	7.716751575	1
453	GRup0U6t7kDYkK4fZRGZ	2024-11-22T13:00:28.067271	-1.167604208	4.000873566	7.645787716	1
454	HT3QGo7eb7htDtgzubnK	2024-11-22T13:00:28.465053	-2.178148985	5.384367943	9.035142899	1
455	I3H6V1iU6PajB20RCaIe	2024-11-22T13:00:27.074023	1.10843873	2.820637703	7.316891193	1
456	ICeS2KY8f1vECBl8foKf	2024-11-22T13:00:26.279550	-1.118829608	5.111783028	10.40576553	1
457	JaAQjGUkOTahptfDGcZT	2024-11-22T13:00:29.058891	-1.633180737	3.698601007	11.2825222	1
458	M7qNpl3E4cu7YRkm1W6f	2024-11-22T13:00:30.250275	1.75431776	4.486044407	9.802713394	1
459	Or646cqVdW3QYOSaz8Va	2024-11-22T13:00:27.867736	-1.683257818	4.922852039	9.193245888	1
460	PRAwzEa04aBRidwffTGO	2024-11-22T13:00:31.639896	-1.249581814	2.624035358	8.971408844	1
461	Ta7AZdc5bREbw9JuAGcT	2024-11-22T13:00:28.264976	-0.689951479	3.749904156	9.244883537	1
462	Uq4nlp1Se3JDnn8B2w29	2024-11-22T13:00:29.456061	0.343213588	3.957979202	8.073114395	1
463	VZwg8miLFzzeOLHh5LS1	2024-11-22T13:00:31.242844	-0.182131708	5.314725399	10.40483665	1
464	VjDmmDcV4DmVloOt6Zuf	2024-11-22T13:00:30.449532	0.15673402	3.727714539	7.761283875	1
465	WgiEXfwsi8zph3FSOx2x	2024-11-22T13:00:26.880639	-0.325477362	4.079547405	7.790914059	1
466	ZGZSuYVcz7REbO4PNoVW	2024-11-22T13:00:31.049359	-0.239333987	5.378468513	5.936260223	1
467	cFV9eg624JOVXbqy1s4Q	2024-11-22T13:00:29.257673	0.03257072	3.06340003	8.944957733	1
468	cVg0D636ibMXqQF3F6Fl	2024-11-22T13:00:26.678180	0.974430561	6.598783493	9.173010826	1
469	ciI2SacjzGF5BagfwGiz	2024-11-22T13:00:29.852989	0.438981652	4.944093704	7.564020634	1
470	exwFWf9wMFhgf5dZcPui	2024-11-22T13:00:25.287251	-0.96353209	5.00661087	6.958632469	1
471	iGfULvnzvHplMZR2nq5j	2024-11-22T13:00:24.494481	-1.962124825	5.294892311	8.87325573	1
472	iN871ZngODmNJPIuj0Hv	2024-11-22T13:00:25.485284	-0.300108403	6.673300743	10.83675957	1
473	iXNViNTaqtzB79psxIOd	2024-11-22T13:00:27.272336	0.674848795	4.910153389	9.355257034	1
474	kCUMFNmQtAVVyPahF7Mp	2024-11-22T13:00:25.088351	-0.50994581	3.80116868	9.285365105	1
475	kwhLzozFb1kCVxqxYCiG	2024-11-22T13:00:30.847568	-1.594748974	5.253577709	10.14555454	1
476	nNZgxwuUw7IVAbWvbwC4	2024-11-22T13:00:24.095807	-0.034859575	4.152244568	8.315608025	1
477	pA3YfViVPmziHZH2ebN5	2024-11-22T13:00:24.696978	0.386318803	3.533621311	7.440910816	1
478	rGcIZR0GXaXLmGdsWdoF	2024-11-22T13:00:28.860223	1.019814968	5.686219215	8.543727875	1
479	rILzVRxUWb1rn24ANpPE	2024-11-22T13:00:30.649349	-0.347781748	3.789504051	7.008900642	1
480	riq1lwLzUVciNb2QaZW8	2024-11-22T13:00:24.890131	-0.496768117	3.392938137	8.430922508	1
481	upxexaMAAtIJNJPERY2O	2024-11-22T13:00:29.654633	-0.261236131	4.927765369	9.845071793	1
482	vJM1I8pG0NI4hVI83gEa	2024-11-22T13:00:23.698964	-0.006493075	4.45928669	8.335556984	1
483	yaSyXaRHkewPtQGeWp7L	2024-11-22T13:00:31.441311	-1.629464984	3.224520445	8.029031754	1
484	yvQePR5VfCrw49kZhrCc	2024-11-22T13:00:23.897406	0.407167524	4.646072865	8.215539932	1
485	zO9TsJ5gAvM9UDWtgUEB	2024-11-22T13:00:25.683932	-0.079583265	3.351087332	8.11051178	1
486	zv6LZAKmVkvwy7UETuHP	2024-11-22T13:00:26.478326	-0.118206531	5.005844593	7.088589191	1
487	0b5TyIvV5bXB0Ab02f7Q	2024-11-22T12:58:44.679615	0.500943601	7.050320625	6.820678234	1
488	1KtUCqWF8ZLduW8A02pg	2024-11-22T12:58:41.503457	2.679427624	6.961055279	8.004707336	1
489	3kUJnM45OWP3QhuPmG2s	2024-11-22T12:58:39.520857	1.755869269	2.600304127	7.818323135	1
490	3tvFc2ZH48bxPV4GQ3gS	2024-11-22T12:58:43.885653	-0.181604981	7.293628693	8.25429821	1
491	83TbwOtqcgyaVO5d6bum	2024-11-22T12:58:38.727470	-0.005947197	4.183225632	6.806973934	1
492	8SbN3X4LVYP4bC9x9Z92	2024-11-22T12:58:42.497904	-1.153411508	6.310205936	10.05540848	1
493	8pGkXP5ge6OAEIkd6GIm	2024-11-22T12:58:41.903152	0.556422055	7.206365108	11.83040142	1
494	AjQXH7qVkuBzyyRpBeA5	2024-11-22T12:58:42.892680	1.299419403	5.621049404	7.367437363	1
495	CfVPeRLDObjJVXX08zEQ	2024-11-22T12:58:39.319809	-0.516295254	6.775044918	8.551418304	1
496	GuHu14pcIbATE4tWZw2n	2024-11-22T12:58:37.335057	-1.017832637	5.246069431	10.0947113	1
497	HOagdd89hFAIb2uP7g4s	2024-11-22T12:58:39.121024	2.536330938	5.649530888	7.607671738	1
498	Hd5wSuarbQ6PQyrXyvpQ	2024-11-22T12:58:42.694195	0.222967207	5.433803558	6.190859795	1
499	JLb2sdzAvc8TSEldSiQo	2024-11-22T12:58:43.690029	-0.04922479	5.977421284	4.600678921	1
500	MmaRCKdbYBcU8tZDsUAe	2024-11-22T12:58:39.716682	-0.05242344	7.593354702	7.45672226	1
501	Mq1zpFMtlcVc21i9g4xg	2024-11-22T12:58:40.713077	1.436980724	7.880122185	7.460160255	1
502	OEoBK74hQGw1WGVVPfxX	2024-11-22T12:58:40.115792	3.047617674	3.932466745	7.427034378	1
503	QhTiZF8xQa7jNLbkDSZp	2024-11-22T12:58:41.701936	0.454553545	5.463386059	5.634935379	1
504	RjsUtrDGvo0pMtyCGxAz	2024-11-22T12:58:43.489299	-1.801493168	4.388926506	7.505516052	1
505	SD5dHjyDj6pj3J3axZtL	2024-11-22T12:58:42.099258	0.326023221	4.901495934	7.096538544	1
506	TBE8bTbOR3ZdPoGrnTBL	2024-11-22T12:58:43.093559	-1.096304893	7.618388176	11.35096741	1
507	UJyuvZGYxlonmSrsRib2	2024-11-22T12:58:45.276016	0.359427124	4.276513577	6.938435078	1
508	UtxV5nUYHXwmKaeDnOxP	2024-11-22T12:58:36.937080	0.341489762	5.247841358	6.991078377	1
509	VZiRekSCN1EpnvHRzPkf	2024-11-22T12:58:36.542996	0.052471325	4.928186417	8.214142799	1
510	VeMDMvWdLAYWfLOz29fY	2024-11-22T12:58:44.481474	0.781342983	5.555477142	6.184385777	1
511	WkQtrKzsq38vtFtY3YNu	2024-11-22T12:58:40.908447	0.289162099	6.454356194	6.607306957	1
512	Z69lSkRPuBZdaozZLXog	2024-11-22T12:58:37.929635	0.043076478	4.447239399	10.32192135	1
513	amBPsDyaW7QykOLC5MFh	2024-11-22T12:58:37.533117	-0.924659848	3.882504463	7.837486267	1
514	cHC72QvfGLyf705GgFFt	2024-11-22T12:58:44.880334	-0.988661647	7.349586487	9.847907066	1
515	dP7e6lex2IdIoe4OodCW	2024-11-22T12:58:40.513301	-1.715531707	7.832860947	8.736097336	1
516	fFExscSLExBDwizeKddT	2024-11-22T12:58:42.298421	0.132744119	4.247898102	6.644637585	1
517	h7EHjGj1nWJ8K4Tkax7z	2024-11-22T12:58:36.741096	1.036689281	5.302036285	7.835561752	1
518	hOaRYnqh1ouG299NTBjC	2024-11-22T12:58:39.915142	1.013302803	6.135457993	8.636804581	1
519	hiw1VB7OCp4tWumcUzGn	2024-11-22T12:58:45.076604	-0.596654236	3.825704575	6.287623405	1
520	i64yWIPPAlrJGbztDiJt	2024-11-22T12:58:38.128118	-0.581168532	4.769134998	7.222205162	1
521	kYRi8AoRNBzfpLYdt54c	2024-11-22T12:58:38.329536	0.155498609	7.017204285	8.948041916	1
522	mP1Mb4TdSpvX0WQ83zNh	2024-11-22T12:58:44.284455	-0.227104396	5.401864529	8.252496719	1
523	mcVm9vMq1vtDtGOhyqou	2024-11-22T12:58:38.526076	0.1035157	5.368643284	9.120863914	1
524	nKXfXkZQE1x0TwfodZ55	2024-11-22T12:58:38.927368	1.236289144	6.193924427	6.719499588	1
525	nNkuf2Z0xTcuchFwkGdq	2024-11-22T12:58:37.137468	-0.706413984	5.981060505	7.763668537	1
526	nts52pWDGCVqiT8xLp0W	2024-11-22T12:58:36.340963	-0.238970056	5.013927937	7.951852322	1
527	qsxmIlL4YiqkOtgBhZsY	2024-11-22T12:58:40.313353	0.261073321	3.655438423	6.084710598	1
528	s6eRxlPHyrglw1Ox2sR0	2024-11-22T12:58:41.110053	-1.126337767	5.43154335	6.628271103	1
529	y7zSV9Sh9AVf0LKY1l1s	2024-11-22T12:58:37.733669	1.04786551	3.830291748	7.011065483	1
530	yEIgyrxk5PR8BkHFAPnT	2024-11-22T12:58:41.306912	0.752631664	4.53133297	6.498668194	1
531	ynToqAakN28SMNzQvlzn	2024-11-22T12:58:44.083970	-1.318371892	5.156995773	7.319400311	1
532	zAx1UTXbNPHAtD2MrAus	2024-11-22T12:58:43.293064	-0.027868507	4.493600368	4.787330627	1
533	5BGyhKe7faVCjeN2XZW5	2024-11-22T12:59:37.527714	0.093115292	4.342584133	8.350860596	1
534	5VRrnANuqD3AJvWtmDHd	2024-11-22T12:59:46.260995	-0.244131953	6.095991611	6.95485878	1
535	68IW15hEVNbM1VW461CM	2024-11-22T12:59:40.109308	1.31644702	5.439482212	6.9537673	1
536	8XSZAvtaLxtNxoh8tZQl	2024-11-22T12:59:40.702039	-0.126385123	5.382816315	11.35046959	1
537	AEDXatzyCbCC5JMY9Yoa	2024-11-22T12:59:46.658708	-1.762237787	0.587661624	10.36344528	1
538	CH7kwT8SyHeuQVLZ59h3	2024-11-22T12:59:45.864928	-2.524733543	4.458644867	9.853116989	1
539	DaGKconvZU3dKMKUxM3A	2024-11-22T12:59:39.909408	-0.060056157	4.126368046	8.047984123	1
540	GmNaQx0uoqNXVCogeZjB	2024-11-22T12:59:40.309507	-0.716249406	5.186367512	7.531220436	1
541	Gy7m2IGhkENpbiuOQFKd	2024-11-22T12:59:41.893983	-0.573133588	5.102532387	12.36759377	1
542	IwaAlghRZq1GHlkqzTzY	2024-11-22T12:59:42.887049	0.604947746	6.315032482	7.209965706	1
543	JhzTblf81HNL05lY5C1r	2024-11-22T12:59:41.496895	1.042167187	5.238771915	5.08566761	1
544	KiAtlnRoTpkA8A2a7iP6	2024-11-22T12:59:47.452197	-0.175686523	5.776040554	7.333411217	1
545	MImBCSc8o75uKAcFJOPU	2024-11-22T12:59:39.114424	-0.784215987	4.252264977	7.64874649	1
546	NFg9FdTVxEQrEKmtkDA4	2024-11-22T12:59:38.518615	-0.482355028	2.653445721	8.783320427	1
547	NxYFycr6K3TrepoPVfdv	2024-11-22T12:59:45.466891	-0.092732221	3.575021982	11.07017612	1
548	O0StXqg6IHNlP2LvfWmF	2024-11-22T12:59:38.718547	0.321579576	3.476208448	7.134605885	1
549	QQ6ENYrqAsyoALLt8nPk	2024-11-22T12:59:39.511599	-0.256821215	4.691457748	12.24698353	1
550	TFsdgnRw3kVxeUafT61g	2024-11-22T12:59:39.313880	0.588197887	6.344395161	8.347929955	1
551	TNOK6wfwW1c9wpdarayT	2024-11-22T12:59:43.283016	0.678957283	3.76580143	7.384149075	1
552	TvcUtdBrzE0n1lj054zN	2024-11-22T12:59:46.062912	-1.092885971	4.964300632	7.023764133	1
553	Ud9CXDL6N8RdqnvfMg8K	2024-11-22T12:59:41.100206	0.414723635	4.549328327	6.481343269	1
554	Wy5MOhBUHKOhlEA830IP	2024-11-22T12:59:42.092379	-0.376579195	3.377988815	8.219917297	1
555	ZL2aHTvSaTdjWGwhg60k	2024-11-22T12:59:43.878696	0.634616673	5.268746853	6.921780586	1
556	ZYlDS7v4okfx91KXBtvf	2024-11-22T12:59:42.690372	0.766479731	6.505237579	7.493717194	1
557	ZtmJD14AIcb35gj6cKVH	2024-11-22T12:59:45.665547	0.376464278	2.317692518	8.559836388	1
558	awtF8lHUoCdxLRe00mNe	2024-11-22T12:59:38.320359	-0.021614853	4.521554947	10.92248249	1
559	b3DvmFjb3De4HKA6Ffsn	2024-11-22T12:59:38.126753	-0.082906418	5.378650665	8.587608337	1
560	b4ZJo1ZAgNgaHCBjNxCJ	2024-11-22T12:59:37.329979	0.04223372	3.912700176	8.839297295	1
561	dnYJm2Zi6eCO153VXF4R	2024-11-22T12:59:46.460766	-5.596570969	4.952003956	12.11776352	1
562	hlrjCHd2p4tRpe3CF0qp	2024-11-22T12:59:47.058490	-1.050575733	4.825437069	10.20059204	1
563	j3wETHyLioVZcjPxJ0oH	2024-11-22T12:59:39.711048	-0.361543596	3.074681759	7.461663723	1
564	jLAE3OB6mVSTNQkAR4jC	2024-11-22T12:59:41.297704	0.99120909	6.550832748	7.0867033	1
565	kI4kZOz3XTwOWLUpnjFl	2024-11-22T12:59:42.292643	-0.269759476	4.470089436	7.456147671	1
566	lpA5seEEPeqJdGdHX1dK	2024-11-22T12:59:44.875118	1.182046175	5.371285915	11.32350063	1
567	lqjl3egUjf0dhRDhjZ2W	2024-11-22T12:59:47.257854	2.909319162	3.784524202	6.354000568	1
568	m7ADiz1vWGIQnw3x7Ksq	2024-11-22T12:59:43.482701	-0.93436116	5.567687511	7.325117588	1
569	mKjyo7LB9QodWJomFn6W	2024-11-22T12:59:43.680349	1.699902296	5.5960536	6.967164993	1
570	nlH8uxGTVH4oNDfy0Bjj	2024-11-22T12:59:47.652217	-0.741283119	3.676411629	9.788051605	1
571	nlSFZRKm3MvKNYA4N1TL	2024-11-22T12:59:44.475564	0.693533182	4.094219208	7.531947613	1
572	oco9pmuOq3QvefJo2STG	2024-11-22T12:59:42.489008	1.011837482	5.294394016	6.885522842	1
573	opAbDAjwq3Vw6YLFMO1m	2024-11-22T12:59:40.507589	1.15433085	6.024232864	6.765659809	1
574	r8ripMHPOSTY6a4Vy259	2024-11-22T12:59:40.901667	-0.174163803	4.118859768	8.044325829	1
575	rnFoe9cCY1uP6bjzPIAc	2024-11-22T12:59:44.275958	0.057958834	4.749856949	9.941558838	1
576	rzmvDrlQjkiYSJwUp11N	2024-11-22T12:59:37.724372	-0.14319241	4.240131378	7.945637226	1
577	syGENFUrxduaGtUDRrry	2024-11-22T12:59:44.675786	0.198852807	4.856341362	7.757893562	1
578	tKn2lvNZnrUsFMhyl9cu	2024-11-22T12:59:41.695992	0.64153111	6.189049721	9.186830521	1
579	ukUTiFQMmwoU7vJc2B9E	2024-11-22T12:59:43.084693	-0.423132062	4.990876675	11.59150887	1
580	vMCM7zsaIefMjM6vwmzG	2024-11-22T12:59:46.858422	0.002164358	2.021414995	9.249346733	1
581	vcCiA6C3Yf4shVYVUyrJ	2024-11-22T12:59:44.078132	0.870024145	6.984211922	9.728608131	1
582	xRnsnKvl0sVuUcXSdK4m	2024-11-22T12:59:37.923222	-0.669639051	4.33658886	7.868649483	1
583	zBUWN3tXGcHMxXQtjS2l	2024-11-22T12:59:45.270375	1.207807779	5.354296684	9.346656799	1
584	zQsCaSEP8DECz55XkthK	2024-11-22T12:59:38.915398	1.298634171	5.288963795	7.016102314	1
585	zWjEhLsOWhzhBx8P7Wdj	2024-11-22T12:59:45.073028	-0.060544573	6.07962513	6.013066292	1
586	0asC9WXr0FIf7eozrQlm	2024-11-22T12:59:05.703103	1.997204661	7.808870792	11.65912151	1
587	1YhZVetcGyj2mhla7lnh	2024-11-22T12:59:04.908247	-0.168149561	6.767029285	6.454509258	1
588	1jXazqzsFwGr65ZYtrNW	2024-11-22T12:59:03.920395	0.619523644	7.783425331	5.914243221	1
589	1nVOWQQpOi94sI6UBwmb	2024-11-22T12:59:07.290413	-1.037168264	5.732781887	8.11127758	1
590	2oGJo4747D1v6BjI1b2T	2024-11-22T12:59:01.138007	1.201841354	5.98229599	7.483019829	1
591	2yVfHmNJXuzQHO9mz6XP	2024-11-22T12:58:59.945194	-0.010821791	7.214677811	6.785588741	1
592	3Vb7CdnWiWLKq4OZJqeB	2024-11-22T12:59:07.091516	-0.340398014	5.908190727	7.206709862	1
593	4n5ADmXEw0Ugn00rPLd9	2024-11-22T12:58:59.746236	-1.206878781	5.79386282	6.901468277	1
594	6asJ33iEu4pFLVHtvIpA	2024-11-22T12:59:02.128974	0.249064013	5.726643085	5.210376263	1
595	7W8uWkiqCM4GWOh2yhDZ	2024-11-22T12:59:04.312327	0.608644426	5.557784557	5.874614239	1
596	7rOhT51u0AZTKrHqdNXu	2024-11-22T12:59:07.887768	1.044178367	5.265548706	11.61164856	1
597	9n3mrkbj3HyTFRvriDZM	2024-11-22T12:59:00.142975	0.581771851	4.826701164	7.74776125	1
598	BflF9BR2lhhDVcOpVOxh	2024-11-22T12:59:01.732204	0.77425611	8.853776932	13.30609226	1
599	DVnpze44s1YiXkQMBWOZ	2024-11-22T12:59:02.525840	0.85538125	6.284951687	7.944487572	1
600	DpNd3PONKWvvro4f5DrW	2024-11-22T12:58:59.353808	-2.059817791	5.898412704	11.00287056	1
601	F9ivICkPD4pu7WybVuSE	2024-11-22T12:59:03.520355	-2.664602757	7.676347256	8.20020771	1
602	IG9Hc6qg5cQqWPunIfWq	2024-11-22T12:59:05.503215	1.216896176	4.560925484	6.745634556	1
603	IwHgeYOWtgCULwPAtrhG	2024-11-22T12:58:58.954240	0.208036974	6.14120388	6.828062057	1
604	Jh3y3qeINXdKqGuu5Gcc	2024-11-22T12:58:58.555271	-0.984323382	5.124252319	7.823849201	1
605	LE7aZXtRXyKMCNaEVBbA	2024-11-22T12:58:59.153884	-1.198767185	6.51659584	8.179885864	1
606	MW3NvVUajfPRyCYBsXZr	2024-11-22T12:59:04.114101	-0.565414667	7.038397312	11.97142982	1
607	MYXutUuL4TpwJB5wbuBl	2024-11-22T12:59:06.103467	-0.24333708	7.098894119	6.123391151	1
608	NpD4pljU9tgZkrAULlOu	2024-11-22T12:59:06.893371	-0.174115926	7.894065857	8.619422913	1
609	QEN54RUf8v4jaUzRhjbt	2024-11-22T12:59:07.488808	-1.138299346	4.932639599	8.048587799	1
610	SGJSaKTAaZhJVS8b86Zz	2024-11-22T12:59:00.738633	-0.273829639	4.341578007	6.470942974	1
611	TiIuWxTUlcqgClwC8cfJ	2024-11-22T12:59:01.930359	-0.861136913	4.133081436	5.087362766	1
612	U3lkmOdNGXNVxh0093Ql	2024-11-22T12:59:05.106507	1.354639292	7.287240982	7.080247879	1
613	U9706PA9lfZRdvF2qo1N	2024-11-22T12:59:03.121055	0.227267191	5.650737286	6.535241604	1
614	Uk5siF5LVr4uxiF5lSiy	2024-11-22T12:58:59.547897	-0.626878619	3.633201122	7.249029636	1
615	YEMuyIvWegA0QcOeNAHN	2024-11-22T12:59:02.922494	-0.855400383	8.556493759	10.89956474	1
616	Z3qPaJAWXIJaxkEDCf47	2024-11-22T12:59:03.720193	0.178904325	6.866905689	3.742539644	1
617	byYAIinmDlVnaRxQAARC	2024-11-22T12:59:01.337044	4.070286751	5.829766273	7.821636677	1
618	cn2UXhLHSmTTPXfSWODr	2024-11-22T12:58:58.156122	-0.269577533	5.724421501	6.932477951	1
619	d4VblEvY2MXMwtxDxTbR	2024-11-22T12:59:07.690099	-0.590333521	5.175325871	8.227319717	1
620	dMGk4r9eeWg5OW1tpUZb	2024-11-22T12:58:58.356631	-1.193538308	5.269149303	8.623886108	1
621	dSasvHjdrn9xaYCUrhPk	2024-11-22T12:59:05.902940	-1.646138191	4.937705994	7.076608658	1
622	do9uHSXsvFkwVpAxVIAb	2024-11-22T12:59:05.304936	-0.280916482	5.977957726	7.0008564	1
623	fYHsfVZheXzZJ8iIYV3e	2024-11-22T12:59:00.540055	0.87514776	7.365158081	7.85506916	1
624	j3E27MoCsBGWER5pnm90	2024-11-22T12:59:04.709756	1.79629302	6.385661602	8.276324272	1
625	nJQNmFsUSt489aWDKqcl	2024-11-22T12:59:01.537683	-1.137408614	6.203682899	7.178592205	1
626	oc1AvxRxnsEwri7V5fnZ	2024-11-22T12:59:00.342818	-0.662935317	7.967204094	7.407085419	1
627	oi3R6Feorw4NFbtPDiIV	2024-11-22T12:59:02.724156	0.57489568	6.769231796	4.686037064	1
628	rUsUX0u1KdGuXsRqzaF6	2024-11-22T12:59:06.694705	0.985501289	6.531181335	6.429925919	1
629	s16jLXf7K0mZIX9eoJ2m	2024-11-22T12:59:03.321447	0.696712732	4.734696865	5.774182796	1
630	u6sOvQA8j7NHNH9GnJCx	2024-11-22T12:59:06.303468	-1.634435296	6.479916573	8.507642746	1
631	vSgXvRWU0QfZNBiJxWXS	2024-11-22T12:59:02.327681	1.617082119	8.676672935	4.372693539	1
632	xZKTLbTT4MCMWwAFFXzi	2024-11-22T12:59:04.511074	0.396010518	5.250972748	6.626565933	1
633	xfedXP1uqh5Roj4gr1G1	2024-11-22T12:59:00.937570	-0.076643191	5.513070583	7.228621483	1
634	xw2NgY7R7D5gibNv9wOL	2024-11-22T12:58:58.753760	-0.302627116	5.36686182	7.437443733	1
635	zu1KEfqsoFvQmebH21Km	2024-11-22T12:59:06.496786	-0.869842231	5.18408823	6.190591812	1
636	06dSfPSrXOvfrA03iIDg	2024-11-22T12:59:24.571735	-2.162184238	4.787474632	11.56163883	1
637	2jMLkn5xDcKrj507zDKW	2024-11-22T12:59:25.764640	1.919833779	5.610418797	8.120605469	1
638	3QbgvJL6CF7jUVSHdopQ	2024-11-22T12:59:24.373188	1.056953907	3.094630241	7.930515766	1
639	3Uojd6vauAiWdovfvLVO	2024-11-22T12:59:26.361029	-0.863703489	5.155683517	8.028773308	1
640	3oaxpPV9rItkORPEmhmz	2024-11-22T12:59:26.161973	-1.120333076	5.730617523	10.50378418	1
641	4ZSIMzC768NgPLD98p6y	2024-11-22T12:59:23.580966	2.733268499	5.477626801	10.42332935	1
642	9wmcCBP5G03SNniew4yi	2024-11-22T12:59:17.821313	0.2753236	3.200224161	8.668763161	1
643	Dd1oOsQbFtIQ8fg7t8L3	2024-11-22T12:59:22.190190	0.764957011	4.300819397	7.719720364	1
644	Dgx2rMB2zygEWbA50RN7	2024-11-22T12:59:21.196848	1.386654496	3.816156387	9.740847588	1
645	FVwNf1VfgEqHGJXlCCJ0	2024-11-22T12:59:19.608226	0.112929702	2.820819855	7.976340294	1
646	GHhYPwSUnUmAXaVx0bMs	2024-11-22T12:59:21.598060	0.335121185	5.530998707	9.78219986	1
647	InMMgzN7K4ZMVGseZLTb	2024-11-22T12:59:24.968941	0.452695638	5.720246315	8.468482971	1
648	K6CPwjg3eedhcMSSCWDC	2024-11-22T12:59:19.806903	1.451029897	2.253853559	8.207677841	1
649	MEtvTxWNXwGC7QxqAOWu	2024-11-22T12:59:24.174686	-0.418152124	4.891143322	10.07182217	1
650	NkPkyIDBqYA3UBUL8rLq	2024-11-22T12:59:25.564134	0.221300855	4.819058418	8.658687592	1
651	OzqUxwZAQPg6q25IsiMe	2024-11-22T12:59:25.960984	0.684875727	5.604739666	6.309267521	1
652	P7q7REcqiNkaksf1XdPa	2024-11-22T12:59:18.615450	0.283224493	3.988701582	8.559031487	1
653	QgmvMhLqXJDPbGwyOyIB	2024-11-22T12:59:22.387877	3.070151806	4.537874222	8.812912941	1
654	SAv4EVtxANWitfw74mrK	2024-11-22T12:59:18.218505	-0.491299778	3.344862461	9.113585472	1
655	Sg597FTNaSQS4TxjKpK8	2024-11-22T12:59:23.182399	0.290876329	3.776163578	6.532464504	1
656	UzRNNrtnwR0naPCzC7Uh	2024-11-22T12:59:19.212798	-0.680393815	5.500764847	8.334225655	1
657	UzYgIxfk9cnwl6sgjwXV	2024-11-22T12:59:23.779501	-0.376148254	5.941230297	6.547701359	1
658	W48DiWx5jybqffx3DMr1	2024-11-22T12:59:19.013360	0.010831368	4.578125477	8.274859428	1
659	WcNOOKdfxm0EgTeb9D6f	2024-11-22T12:59:18.020372	-0.099799901	3.233733416	9.581795692	1
660	Y6PiVl536elwbwKz09RZ	2024-11-22T12:59:25.167422	-0.309982091	5.115709782	9.297211647	1
661	ZgpyrwHRJT7wDQw3yckX	2024-11-22T12:59:20.402485	-0.125475317	5.528604507	9.258416176	1
662	Zuu12zyb9PfcHc0Daoao	2024-11-22T12:59:22.983595	0.158955842	4.742539883	8.475732803	1
663	b8b23szbNFRgZ0VQ0YDf	2024-11-22T12:59:20.997991	1.45224607	4.426677704	6.357122421	1
664	doEM0rnuAU2GeBums62T	2024-11-22T12:59:22.587124	-0.26790157	4.56332922	7.55796814	1
665	f87e5YbXI6BGnLHMN3v9	2024-11-22T12:59:21.397291	0.314272493	4.26603651	8.816168785	1
666	i9iO4esgnlfVuayYfKFW	2024-11-22T12:59:25.365641	-0.367318422	3.559067249	6.837102413	1
667	kXQzQSDZrYd03AeShor3	2024-11-22T12:59:22.784859	1.571946621	5.488180637	10.352355	1
668	lEm6g1D19HCTOuap0U81	2024-11-22T12:59:21.792448	-0.796991467	3.796121836	8.963335991	1
669	ll786300OTnLrpX9TLVg	2024-11-22T12:59:23.976230	-1.667063475	4.891593456	9.652454376	1
670	mBbwlc5l2fT5xgJJMajY	2024-11-22T12:59:20.799906	-0.381750673	3.044179678	6.194001198	1
671	mFDWcZwsw3a9gEb4GsPZ	2024-11-22T12:59:24.770298	0.623957694	5.428535938	6.016954422	1
672	makStew52jJFUKQVhYfm	2024-11-22T12:59:19.409882	-0.975024283	3.680338144	12.17371082	1
673	nxinsG438AZo0s6hXJfg	2024-11-22T12:59:21.990934	-0.54452765	3.086384535	6.743249893	1
674	qNvIc5AzNlNDezYbu6S5	2024-11-22T12:59:23.381240	0.735479593	4.595880985	7.691736698	1
675	qbTeYRnPCRTnG9SBjWXw	2024-11-22T12:59:18.814036	0.529645324	4.44346571	8.379016876	1
676	tsZMOJsnexKDkYg99ZWv	2024-11-22T12:59:20.203942	-0.180101424	3.895969391	5.611645222	1
677	uizP38c2Tm552rgKDVJR	2024-11-22T12:59:18.417308	-0.292600185	3.777466059	8.867357254	1
678	v99mCxcAPeMt417MVmoN	2024-11-22T12:59:20.005749	2.399670124	3.262367964	13.06428719	1
679	yfrmtx0K1vn9mHM8RveS	2024-11-22T12:59:20.601082	0.540323436	3.010287285	13.05256557	1
680	0a4LnLMgzDz0U6Ufeuka	2024-11-22T12:58:19.902429	1.077898264	6.211612701	6.094267845	1
681	4vzU3JHijZRbJX6OzEv3	2024-11-22T12:58:17.519919	0.353556544	5.434837818	6.103758812	1
682	8nuaS0kbSYWOtBDVYrkm	2024-11-22T12:58:19.703699	-1.459313869	7.572361946	8.780132294	1
683	9bLolbDTWIsjFBlc4JVF	2024-11-22T12:58:16.924631	1.374970794	6.511443138	6.489799976	1
684	AbTUveFHYCMvTaTxSsIJ	2024-11-22T12:58:18.515746	0.491242319	7.841834068	10.77461624	1
685	EaeZKfQuCK8HWwsOYVuX	2024-11-22T12:58:17.916081	0.581216455	6.693833351	9.923592567	1
686	IF4tQ9MedRqzv3c4N3m9	2024-11-22T12:58:21.490328	0.625940084	6.457669258	6.101527214	1
687	JHsMpnT9NPul0kvwr9IK	2024-11-22T12:58:21.099943	-0.139725611	5.516700268	6.710822582	1
688	KPfbwGyh1gdmSOzBlKrj	2024-11-22T12:58:20.699793	1.73428309	6.942811489	7.040437698	1
689	NPyfV5QLUMG9dRrHQW0o	2024-11-22T12:58:21.689309	0.672885597	7.393438339	5.839572906	1
690	O62p02zqN5V0cTgumC1M	2024-11-22T12:58:20.299095	-0.597171366	6.930582047	4.834975719	1
691	PT0vhnApiBVXq9BS3w79	2024-11-22T12:58:16.725477	0.300338238	5.946593761	7.122587204	1
692	Qt3rsrxTwyLtb40rnSC0	2024-11-22T12:58:19.506969	-0.045039721	7.893318653	7.61495018	1
693	SIUZXnGhSgL71Y2OXPBH	2024-11-22T12:58:16.223521	-0.912803769	5.383860588	7.676461697	1
694	TGKYgRw6sHATaN0qGlZN	2024-11-22T12:58:17.322117	-0.492372364	7.983541965	9.137834549	1
695	TdjOeTnqXa2Sj1Z1a70K	2024-11-22T12:58:18.316191	1.731678247	7.307783604	5.088722706	1
696	UtaySDmdVUhiZgBqpKGp	2024-11-22T12:58:16.530768	0.085032471	6.156191826	7.365933895	1
697	V92tNcytiVRvbyO0eKx1	2024-11-22T12:58:18.116628	0.408115625	6.427646637	4.728911877	1
698	XbVhP3LjNgHbmCUvKeQp	2024-11-22T12:58:18.912080	1.504564166	7.651006699	7.464575291	1
699	YRtK4R4zYZlof44Vjgiw	2024-11-22T12:58:20.901256	-1.799616098	7.47508049	9.66768074	1
700	ZFn1hFswfdoGo1TJNzaS	2024-11-22T12:58:20.101534	1.208861232	6.050674438	4.162903786	1
701	ZRGysqxzWiMOFtgzzi9P	2024-11-22T12:58:21.293490	0.760695338	5.805881977	7.424860001	1
702	fFgjds6aLQEJ7xmBra7I	2024-11-22T12:58:16.326818	-0.157174557	6.330096722	7.152476788	1
703	ijt0Yr1dBsbxxhm40cnW	2024-11-22T12:58:19.306879	0.797460675	6.427655697	6.507833004	1
704	nzq46sJiqvXarsF0ouCE	2024-11-22T12:58:19.107909	2.330573559	5.821683407	7.073754787	1
705	rMLvbKNa62FnFpgDnAPF	2024-11-22T12:58:17.719421	1.067545772	4.905278683	5.91449213	1
706	sJcjVdvZCTdpwsQjX7JP	2024-11-22T12:58:18.716353	1.497266769	5.286435604	7.202678204	1
707	vMtQJF4KcnwkQw9WTSHN	2024-11-22T12:58:17.123539	0.292552292	6.706398487	6.513636112	1
708	xrJR7RJMCYa8Z72PByBF	2024-11-22T12:58:20.497824	1.041726708	7.45640564	6.115806103	1
709	6TvOeOcraZSnzZoybjux	2024-11-22T13:01:21.561322	-2.818205357	4.427980423	10.86335564	1
710	7HWJUpIZF3r6s8AeGEcL	2024-11-22T13:01:22.348640	-3.221426964	3.338819504	7.526240349	1
711	9Sjq7OOg1uCDt8uQOUiM	2024-11-22T13:01:22.747684	-2.8389678	3.863245487	7.627447605	1
712	COqnSJFwgUBBUHxga0GM	2024-11-22T13:01:20.163815	2.307100534	3.485162735	8.62197113	1
713	Fz8vcp66T8AZbzLXssIk	2024-11-22T13:01:21.950853	-1.112116218	4.270355701	7.067559242	1
714	GaaXUrSzkSAiTERgM1qD	2024-11-22T13:01:23.142036	-1.727062106	3.373765469	7.362716198	1
715	IkLfY8fS4ZF62LkWNOeA	2024-11-22T13:01:20.562737	-4.852089405	4.34087944	8.079348564	1
716	L3HYSvhf4tGkAeefr3MG	2024-11-22T13:01:19.766924	-2.241068602	5.206823826	8.213212967	1
717	MlP43YdyXxd2YJjHa3pM	2024-11-22T13:01:21.158183	-3.84453249	4.657009602	7.661406994	1
718	TpbPejmwtumNM6WBpMgV	2024-11-22T13:01:22.546965	-2.428429127	3.724487305	9.123334885	1
719	ad5oOWvkSQn2I5CVjEjC	2024-11-22T13:01:23.340891	-2.972966671	3.397975683	11.85393143	1
720	fPuoqHRRbldI6ugGfoPE	2024-11-22T13:01:22.946460	-0.779935122	3.631151676	8.048061371	1
721	gmFHfxdR4b0UsjxIyltU	2024-11-22T13:01:20.365458	-2.620176077	2.611748457	9.585646629	1
722	hcU5uYzlD9dkegFO3fwZ	2024-11-22T13:01:21.355245	-1.998114467	2.59183836	6.483939171	1
723	jeGl7i7GszNOibhRQ2vB	2024-11-22T13:01:20.763895	-6.574276924	3.574389935	4.797348022	1
724	kR4JD5PbKd7rwy8lVGJU	2024-11-22T13:01:19.565937	-1.707966089	4.704558372	8.45962429	1
725	kdUSJpg0SgdqbDfKPpPU	2024-11-22T13:01:22.149700	-2.136566401	3.352945328	7.134012222	1
726	nu6HxU0SNTeNXKFqPBpi	2024-11-22T13:01:19.968698	-3.047138929	4.568721294	4.659930706	1
727	s92PdWu8KmwMKxcaQNhT	2024-11-22T13:01:20.957806	-4.125592709	4.175650597	7.510849953	1
728	vKHqYHOoXNwGU9HRtrKA	2024-11-22T13:01:21.753121	-0.873366475	1.679398417	8.485797882	1
729	0Mpo0f7QOzcCX5keSnFL	2024-11-22T13:01:48.354999	-0.146362334	6.591237068	6.730809689	1
730	0j1II2jYzZPiUpQj1YQI	2024-11-22T13:01:51.134811	-1.806750894	7.011649609	9.326392174	1
731	0jrpkjfyImeeeOFu2HRz	2024-11-22T13:01:45.178705	-0.785460949	4.375528336	6.53478241	1
732	1ZjjCqRD2gpefSXXZYnR	2024-11-22T13:01:44.385735	0.082848951	5.070028305	8.332339287	1
733	1zeeJnl4OPoY6jxnmgdZ	2024-11-22T13:01:52.527409	-0.92645067	6.768551826	11.67996979	1
734	25ktpiyhuYDWujhUQYTd	2024-11-22T13:01:52.928235	1.248202682	3.976701975	9.185814857	1
735	2OCZ3yKAGHoPuMWuKo4z	2024-11-22T13:01:44.781803	-0.325525224	5.724986553	6.000865459	1
736	2j2Ci20IaQxerdBjpJtj	2024-11-22T13:01:52.729328	0.660407066	5.626086712	6.459354877	1
737	3orQo0ofRD1CwGo3ZDFr	2024-11-22T13:01:45.377249	-1.160709023	5.78932333	6.142841816	1
738	4a1JQpiAF9gAC2ZELumt	2024-11-22T13:01:49.150340	-1.501739025	5.676163673	6.664260387	1
739	68yhA3UWj77JaNfg5psk	2024-11-22T13:01:46.965054	0.73497206	6.860173225	6.330384254	1
740	6rQmlFzPlWsgOAqy8EpF	2024-11-22T13:01:45.576991	-1.353509307	6.906831741	8.612901688	1
741	7TPYTYISfHbT92r1F68d	2024-11-22T13:01:46.568965	-1.527855039	5.259649277	6.347258568	1
742	9EW2b1Yb3rK139fOn6uT	2024-11-22T13:01:45.775235	-0.474147707	6.451243877	7.598928452	1
743	CqAPhZvGYtQ1twuVv9hQ	2024-11-22T13:01:44.582934	0.360758305	5.670791149	10.04357052	1
744	D9YEhkeWjxn210iEVUQE	2024-11-22T13:01:50.344374	-1.307914019	6.921886444	7.222559452	1
745	DW42w1BwV8fuU0WImVR8	2024-11-22T13:01:50.145686	-0.711815298	5.010001183	7.000980854	1
746	DkJP2Pu0HTUWWeJAipve	2024-11-22T13:01:51.928860	-0.776401281	5.764471531	5.49545908	1
747	Fx3mHZjXTLSif5PYUpTS	2024-11-22T13:01:47.561610	-1.44631815	7.08597517	7.347805023	1
748	I4mOVj6v9liA1nSvxyxb	2024-11-22T13:01:46.175714	-2.278897047	6.762729168	8.060788155	1
749	IoQNZ2obo8uIvESs6Hh6	2024-11-22T13:01:52.128128	-1.167336226	5.123323917	7.271784306	1
750	LRdeJxgcRPZoWtMMMGUG	2024-11-22T13:01:53.119461	-4.323727131	6.583882332	10.27471638	1
751	M73jCx1V2kr6pbqF7Sak	2024-11-22T13:01:51.332932	-0.118378907	6.254775524	7.573271751	1
752	MPevIwDmj6FFvgkTPubU	2024-11-22T13:01:48.752313	-0.99338299	5.995444775	8.77204895	1
753	MXVxU2wl6DsV6GK1aG4A	2024-11-22T13:01:47.363760	1.199389696	5.244029999	7.97132206	1
754	QnmA7WIjbNgGdLieJFTd	2024-11-22T13:01:48.554627	-0.435553163	6.90148735	8.088810921	1
755	SBEnlsiUY5F5LFFOKeLJ	2024-11-22T13:01:49.746483	-3.002127886	6.81636858	7.064791203	1
756	SE8nJSsMXPVv84KYmm96	2024-11-22T13:01:51.532053	1.170170903	5.064177036	7.709558964	1
757	SFoLkVORtxlfaGRhYJAy	2024-11-22T13:01:50.937137	-1.615942478	5.242689133	5.565685749	1
758	TLysvS5a3ZlUP8xBUtlj	2024-11-22T13:01:47.958080	-1.394890666	5.480988503	7.871560574	1
759	TPntustnV3ONei1ugvvI	2024-11-22T13:01:43.787463	-1.399851441	3.97141552	8.521184921	1
760	TPpqA4wyIPsDTDGUEyX4	2024-11-22T13:01:50.544885	-2.120984793	7.506828308	6.811858177	1
761	VgKMXiWM86i72omjxBzv	2024-11-22T13:01:47.163441	0.20217596	6.003920555	7.154889584	1
762	YmEz1mSI87PXXwuNRzAq	2024-11-22T13:01:46.377333	-0.935979605	5.056457996	7.682255745	1
763	YyfJmLT1Sfucjr5vYqMX	2024-11-22T13:01:44.981235	-0.99455142	6.759645462	11.99956608	1
764	ZWaSirQSxtWyZKFs7DbZ	2024-11-22T13:01:44.192105	-1.149188161	4.975533962	8.567717552	1
765	ZsxKDTbd8Pr3plvY2THQ	2024-11-22T13:01:48.162978	-1.599853516	5.491991997	6.704703331	1
766	c9ptRMPPxxSlW0vBkqDu	2024-11-22T13:01:52.327542	-1.326493025	4.429282665	7.10804987	1
767	gb4Px3K9QxhD7BnjgB5t	2024-11-22T13:01:47.762941	-2.247370005	5.06772995	7.302449226	1
768	iIg0qxbY6vOtu56so88n	2024-11-22T13:01:45.975386	0.668078065	5.214226723	8.075680733	1
769	k8TuYs21uwyY35N7j8Oc	2024-11-22T13:01:49.945605	-1.014863729	7.071887493	8.609462738	1
770	lbmQqR0glkfUnDuutGmi	2024-11-22T13:01:43.990067	-1.040615797	4.122700214	8.380682945	1
771	lrWG7cGOOTzuyunR5JIN	2024-11-22T13:01:50.737666	-1.250271201	5.734419346	7.694753647	1
772	oaIaNn3RbDYVriqf8k3k	2024-11-22T13:01:49.546081	-2.167106867	5.198530197	6.940225601	1
773	oqaHU7SC73bHEU5dcRsY	2024-11-22T13:01:49.348136	-2.430794716	6.013420582	7.725035667	1
774	rO6sG9MJqhumHK6FVYnZ	2024-11-22T13:01:46.767474	-0.868750453	8.423539162	8.964532852	1
775	tR5P2ET8wBCqMmxFm63N	2024-11-22T13:01:48.950807	0.116971113	6.30843401	7.042582512	1
776	u3ZM6m6x3FRCUsqxB1uT	2024-11-22T13:01:53.319149	-1.967420936	4.369542599	7.543880463	1
777	wYyDNUPJWpNGidztBWTH	2024-11-22T13:01:51.730371	-2.674428701	5.997398376	10.29798794	1
778	18FbiQfnmBmspWDGGH0d	2024-11-22T13:00:12.665873	-0.038297649	5.16655302	9.160598755	1
779	1e6JJhhD0Vkwj7MZ91qq	2024-11-22T13:00:11.076982	0.671257555	4.50112772	7.721099377	1
780	35rsX7pQmtuxpkFZzJGh	2024-11-22T13:00:13.459407	1.386223674	3.813781261	7.041136742	1
781	3GbYTAMgqhGVpLXcAx1e	2024-11-22T13:00:10.286146	-0.003083732	5.020851612	7.559270382	1
782	7C30FU8nLHo4fPPmDSr8	2024-11-22T13:00:09.885789	0.126883104	4.673941612	8.460055351	1
783	9IUIxbonLxoqhzDJs2UX	2024-11-22T13:00:10.482484	-0.7108289	5.916848183	9.236561775	1
784	BVMCai5yPumyMJqRdxz6	2024-11-22T13:00:13.261744	1.938738346	4.064693451	7.449462891	1
785	FBoUS1wW2h38fauD2Tu1	2024-11-22T13:00:14.054689	1.9596349	5.7890172	5.714432716	1
786	H3zUuV1LrNbN09wHtsH1	2024-11-22T13:00:14.253834	1.432422161	6.187268734	7.003183365	1
787	KOA5hYDSiKPUFQj8cyD9	2024-11-22T13:00:14.651164	1.022295356	6.764252186	6.715314388	1
788	KnBHe707TUSwPeITpkvn	2024-11-22T13:00:12.271912	-0.861079395	4.572120667	8.341158867	1
789	M2whWWrWVRliKMloIABC	2024-11-22T13:00:12.473043	1.606451869	4.604854584	6.895808697	1
790	Mb2LbAf3mLWZNRnUv4uB	2024-11-22T13:00:09.685077	-0.359685689	4.978962898	7.684276581	1
791	Oyjsa9QT1tLy52QUNTLR	2024-11-22T13:00:13.062480	0.17988117	3.582616568	8.18433857	1
792	T0MjMxmqVmeBvPp2KoOm	2024-11-22T13:00:11.275589	1.042856812	5.432070255	8.597013474	1
793	UY5yVmJkwNOMx1wnTbFD	2024-11-22T13:00:10.086470	0.403777301	4.882083416	8.369822502	1
794	V2bnJMUgWDDQwLN07hh4	2024-11-22T13:00:11.475502	0.746559978	5.006668568	7.029175282	1
795	WnmlErkII1tPvtFosfbA	2024-11-22T13:00:13.658652	0.129507154	4.523327351	9.358187675	1
796	Z7VMnFxCyZWDI3iKyrwS	2024-11-22T13:00:10.687512	-0.078884155	5.025831699	9.285106659	1
797	cSFTcRZEHBzQxRW0imE6	2024-11-22T13:00:11.672872	0.323667318	6.296501637	9.758086205	1
798	eAmrDUjesCW6hwYHcCwM	2024-11-22T13:00:12.071146	0.071050331	3.809874058	7.492357254	1
799	mcuRt6yIXbJeoYjfC49n	2024-11-22T13:00:10.887279	-0.286672145	3.89868927	6.649282455	1
800	nSPFL7wROkkePiaea6io	2024-11-22T13:00:13.857722	0.705264747	4.599395275	9.609185219	1
801	nseUUIdr50qNoa2dc8fE	2024-11-22T13:00:14.453411	2.577750683	6.064723492	6.613829136	1
802	rQmhNhVUdgz9IxniAhJU	2024-11-22T13:00:11.872252	0.36775896	3.151573896	8.267915726	1
803	seOenY8rm0quISkBHFAq	2024-11-22T13:00:12.864971	-0.675864041	3.673241615	9.389111519	1
804	40LZtQg3hMdBJYRizfqT	2024-11-22T13:00:55.348136	-1.020782232	3.940453768	9.975594521	1
805	6agcBzT9MOWejnoHu7Fk	2024-11-22T13:00:52.769824	-1.213639975	5.897809505	7.507173061	1
806	6nhhESrOUIUidowqrKb8	2024-11-22T13:00:53.165360	-0.398241937	6.154046535	7.565945148	1
807	6yB4SNagianZkflz5qHX	2024-11-22T13:00:53.958553	-5.81819725	6.409517765	8.178104401	1
808	73qD8c52nykQEutmVUGn	2024-11-22T13:00:55.157857	-1.122612476	5.282681465	3.392660379	1
809	7yOlCIBoBYYw8Q9anXbt	2024-11-22T13:00:57.730964	-2.815945148	5.634160042	8.359431267	1
810	94JfYoUlQ1jXPVQH1VrT	2024-11-22T13:01:00.112649	2.272470951	5.532770634	8.385557175	1
811	CJfGRFF8bV2Ru96tTekq	2024-11-22T13:00:56.942939	0.515691876	5.073639393	11.03637886	1
812	DDBTO32nZXHeg1QOrMjy	2024-11-22T13:00:56.341058	-3.454114676	5.818532944	7.035945892	1
813	KD73cp6vGIyAUghs1R5S	2024-11-22T13:00:58.128024	-1.649020791	4.394059181	8.095322609	1
814	L7Hai3a56kLRvm7OqGse	2024-11-22T13:00:53.761202	-2.021721363	6.245744705	7.625273705	1
815	PUelGI7dPVv5lbNne4s8	2024-11-22T13:00:59.717340	-1.275343418	3.502669096	8.555651665	1
816	R3t9hqO0c0pqfZEDPn9n	2024-11-22T13:00:52.971607	-1.058725595	5.901477337	6.983532429	1
817	W5bsfeTmGk0R4WXjlIJY	2024-11-22T13:00:55.547659	1.675931692	5.451357841	8.990782738	1
818	WGAkfUODN5WHTNLfdVQ6	2024-11-22T13:00:59.127626	-4.42766428	5.089919567	2.582558393	1
819	X0HQ4qqcTCY901kJzoFo	2024-11-22T13:00:55.746286	-2.369924545	6.51659584	5.894304276	1
820	XmMm6ZYAQfLBjooOjfbl	2024-11-22T13:00:56.741397	-2.671546221	5.206277847	6.308118343	1
821	YAMjCmziba41YqSSn6ZB	2024-11-22T13:00:52.567904	-1.201352954	5.718320847	7.079175949	1
822	aS78Cz6e9Tu5hydwewKQ	2024-11-22T13:00:56.148955	-0.976135194	4.964396477	4.706971645	1
823	bjQ6iMwzYoaXrjEK1Eyb	2024-11-22T13:00:59.516635	-4.769450665	3.190570593	9.577334404	1
824	eOqTYOUyxjgtfeDBggWH	2024-11-22T13:00:58.925680	-3.022775412	3.108612299	7.91050005	1
825	eeTXiDl5feEdBuUPXZ35	2024-11-22T13:00:57.532444	-7.961994171	3.637826681	6.853919506	1
826	fMISrkc615Kf9T8ZblKi	2024-11-22T13:00:54.754705	-1.161513448	5.329196453	7.527121067	1
827	joz3yTZ4NXBFDhJ7CHNU	2024-11-22T13:00:58.726325	-2.545486689	3.915822268	7.611464024	1
828	k0xbuWmteeL2YL4uJe1P	2024-11-22T13:00:54.157865	0.014240712	2.886564493	6.172328472	1
829	mtvbB3c82QAtdoxpYlG8	2024-11-22T13:00:54.356406	-7.137086391	6.375002384	6.996537209	1
830	nGRm69cvPkSxaK0vTfof	2024-11-22T13:00:53.363850	-0.043335054	6.061917305	7.061094761	1
831	oBBixulRBjGnBT0FZ2JS	2024-11-22T13:00:54.955157	-2.836448908	6.690347672	8.561607361	1
832	oonnvjOc9elWyyP2wFlF	2024-11-22T13:00:57.134967	-0.400971323	3.821557522	10.20087051	1
833	ouaRKVSRvcZF2NyYTjgE	2024-11-22T13:00:54.556217	-0.741608739	6.326361656	7.348274231	1
834	tfdEff1gzXGWCAuO8sHA	2024-11-22T13:00:57.335365	-6.358951569	2.511651516	7.657423496	1
835	uaadrK7qsW57uTQirDXw	2024-11-22T13:00:58.326113	0.005679047	6.012424946	9.916534424	1
836	urwCvlmglY9yW8pbLmER	2024-11-22T13:00:59.914172	0.022993913	5.611127853	7.632293224	1
837	vMuVvybDGYOvOmatwosy	2024-11-22T13:00:53.562124	-0.305212826	6.347948074	7.277932644	1
838	vqFq9QOVhVCFqG70UDiN	2024-11-22T13:00:56.542872	0.832990646	6.187594414	6.680579185	1
839	xDiTS9XjdKypmPh28dvn	2024-11-22T13:00:57.931921	-0.898017168	4.479886532	7.715659618	1
840	xxawGLwKBVRImLUJsfqW	2024-11-22T13:01:00.311726	0.979659438	3.74032712	9.656313896	1
841	yGozLhnWyp1KUY0YAcC3	2024-11-22T13:00:59.324746	-1.356698394	4.429368973	11.48498535	1
842	yzfLYRutWeIGXzZBeXjU	2024-11-22T13:00:58.525052	-1.422213316	6.23217392	8.753584862	1
843	z189AqzVtoW7sJrr78K4	2024-11-22T13:00:55.943937	-4.36619997	7.066448212	9.994355202	1
